extension,size_kb,has_password,has_bank,has_email,has_phone,has_nic,has_card,has_secret,has_confidential,has_api_key,has_token,has_passport,has_internal,has_project,has_student,has_report,has_invoice,has_salary,has_medical,risk
txt,8355,1,0,0,0,0,1,1,1,0,0,0,0,0,0,0,0,1,0,High
jpg,1168,0,0,1,0,0,0,0,0,0,0,0,1,0,0,0,0,0,0,Medium
other,4935,0,0,1,0,0,0,1,0,0,0,0,1,0,1,0,0,0,0,Medium
txt,7341,0,0,1,0,0,0,0,1,1,0,1,0,0,0,0,1,0,0,High
docx,235,1,0,1,0,1,1,0,0,0,0,1,0,0,0,0,0,0,0,High
csv,442,0,0,0,0,0,0,0,0,0,0,0,0,1,1,1,0,0,1,Medium
csv,1582,0,0,1,1,0,0,0,0,0,0,0,0,1,0,0,0,0,0,Medium
txt,5149,0,0,1,1,0,0,0,0,0,0,0,0,1,0,1,0,0,0,Medium
other,9489,1,1,0,0,0,0,0,0,0,1,1,0,0,1,0,0,0,1,High
txt,5944,0,0,1,0,0,0,0,0,0,0,0,0,1,1,1,0,0,0,Medium
other,1401,0,0,0,0,0,0,0,0,0,0,0,1,0,1,0,0,0,0,Medium
docx,955,0,0,0,0,0,0,0,0,0,0,0,0,0,0,0,0,0,0,Low
docx,473,0,0,0,1,0,0,0,0,0,0,0,1,1,0,1,1,1,0,Medium
txt,6647,0,0,0,0,0,0,0,0,0,0,0,0,1,0,1,0,0,0,Medium
other,10904,0,1,0,1,0,0,0,1,0,0,0,0,0,0,1,1,0,0,High
other,11898,1,1,0,0,1,0,1,1,1,1,0,0,0,0,1,0,1,0,High
docx,341,0,0,0,0,0,0,0,0,0,0,0,0,0,0,0,0,0,0,Low
other,6173,1,0,1,1,0,0,1,0,0,0,1,1,0,0,0,0,0,1,High
txt,689,0,0,0,0,0,0,0,1,0,0,0,0,0,0,1,0,0,0,Medium
png,1796,0,0,0,0,0,0,0,0,0,0,0,0,0,0,0,0,0,0,Low
xlsx,1411,0,0,0,0,0,0,0,0,0,0,0,0,0,0,0,0,1,0,Low
png,412,0,0,0,0,0,0,0,1,0,0,0,0,0,0,0,0,0,0,Low
png,11973,0,1,1,0,0,0,1,0,0,0,0,1,0,0,0,0,1,0,High
docx,6688,0,0,0,0,1,0,0,0,0,0,0,0,0,0,1,1,0,0,Medium
docx,990,0,0,1,0,0,0,0,1,0,1,0,0,0,1,1,0,1,0,Medium
png,1187,0,0,0,0,0,0,0,0,0,0,0,0,0,0,0,0,0,0,Low
png,3464,1,0,0,0,0,0,0,0,0,0,0,0,0,0,1,1,0,0,High
jpg,704,0,0,0,0,0,0,0,0,0,0,0,1,0,0,0,0,0,0,Low
other,1076,0,0,0,0,0,0,0,0,0,0,0,0,0,0,0,0,0,0,Low
docx,4022,0,0,1,1,0,0,0,1,0,0,0,0,1,1,0,0,0,0,Medium
png,2406,0,0,0,1,0,0,0,0,0,0,0,0,0,0,1,1,1,0,Medium
docx,1509,0,1,0,0,1,0,0,0,0,0,0,0,0,0,0,0,0,0,Low
png,11247,1,1,0,1,0,1,0,1,0,0,0,1,0,0,0,0,0,0,High
docx,1030,0,0,1,0,0,0,0,1,0,0,0,0,0,0,0,0,0,0,Low
jpg,1235,0,0,0,1,0,0,0,1,0,0,0,0,1,1,0,0,0,0,Medium
other,4999,0,1,1,0,0,0,0,0,0,0,0,0,1,0,0,0,0,1,High
other,225,0,0,0,0,0,0,0,0,0,0,0,0,0,0,0,0,0,0,Low
jpg,605,0,0,0,0,1,0,1,1,1,1,0,0,0,0,0,0,1,1,High
log,7222,0,1,0,1,0,0,0,0,0,0,0,0,0,0,0,0,0,0,High
txt,1769,0,0,0,0,0,0,0,0,0,0,0,0,0,0,0,0,0,0,Low
log,7859,0,0,1,1,0,1,1,0,0,1,0,1,0,0,1,0,0,0,High
xlsx,1158,0,0,0,0,0,0,0,0,0,0,0,0,0,0,1,0,0,0,Low
txt,4450,0,0,1,0,0,0,0,0,0,0,0,1,0,0,0,0,1,0,High
txt,1567,0,0,0,0,0,0,0,0,0,0,0,0,0,0,0,0,0,0,Low
json,11407,0,0,0,0,1,0,1,0,0,0,0,1,0,0,0,0,1,1,High
docx,5916,1,0,1,0,0,1,1,1,1,1,0,0,1,0,0,0,0,0,High
xlsx,5207,0,0,1,1,0,0,0,1,0,0,0,1,1,0,1,0,0,0,Medium
jpg,4045,0,0,0,1,0,0,0,0,0,0,0,1,0,1,1,0,1,0,High
png,539,0,0,0,0,0,0,0,0,0,0,0,0,0,0,0,0,0,0,Low
docx,5363,0,0,0,1,0,0,1,0,0,0,0,1,0,0,0,0,0,1,Medium
pdf,1517,0,0,0,0,0,0,0,0,0,0,0,1,0,0,0,0,0,0,Low
txt,800,0,0,0,1,0,1,1,0,0,0,0,0,0,0,1,0,0,0,High
jpg,1728,0,0,0,0,0,0,0,0,0,0,0,1,0,0,0,0,0,0,Low
pdf,7976,0,1,1,0,0,1,1,1,1,0,0,0,0,0,1,0,0,0,High
txt,2301,0,1,0,1,0,0,0,1,0,0,0,0,1,0,0,0,0,0,Medium
other,107,0,0,0,0,0,0,0,0,0,0,0,0,0,0,0,0,0,0,Low
png,9016,0,0,0,0,1,0,0,1,0,0,1,0,0,0,0,0,0,0,High
txt,1296,0,0,0,0,0,0,0,0,0,0,0,0,0,0,0,0,0,0,Low
txt,6811,0,0,0,0,1,0,1,1,0,0,1,0,0,0,1,0,1,0,High
json,3107,0,1,0,0,0,0,1,0,0,0,0,0,0,0,0,0,0,1,High
xlsx,3313,0,0,1,0,0,0,0,0,0,0,0,0,1,0,0,0,0,0,Medium
pdf,948,0,0,0,0,0,0,0,0,0,0,0,0,0,0,0,0,0,0,Low
txt,936,0,0,0,0,0,0,0,0,0,0,0,0,0,0,0,0,0,0,Low
log,1475,0,1,0,1,0,0,0,0,0,0,0,0,0,0,1,0,0,0,High
txt,566,0,0,0,0,0,0,0,0,0,0,0,0,0,0,0,0,0,0,Low
jpg,11976,0,0,1,0,0,1,0,1,0,1,1,0,0,0,0,1,0,0,High
json,4721,0,1,0,0,1,0,1,1,0,0,0,1,0,0,0,0,1,1,High
xlsx,5190,0,1,1,1,1,0,0,1,0,0,0,0,1,0,0,1,0,0,High
jpg,117,1,0,1,0,0,0,1,0,0,0,0,0,0,0,0,1,0,0,High
pdf,5580,0,0,0,0,0,0,0,0,0,0,0,0,1,1,0,1,0,0,Medium
jpg,681,1,0,1,0,0,1,1,0,0,1,1,0,0,0,1,0,0,0,High
pdf,6023,0,0,0,1,1,0,0,0,0,0,0,0,0,0,0,0,1,0,High
txt,242,0,0,0,0,0,0,0,0,0,0,0,0,0,0,0,0,0,0,Low
docx,5057,0,0,0,0,0,0,0,0,1,0,0,0,0,0,0,0,1,0,Medium
other,4568,0,0,0,0,1,0,0,0,0,0,0,0,1,0,0,1,0,0,Medium
pdf,3623,0,0,1,1,0,0,0,1,0,0,0,1,0,1,0,0,0,0,Medium
txt,796,0,0,0,0,0,0,0,0,0,0,0,0,0,0,0,0,0,0,Low
txt,1760,0,0,0,0,0,0,0,0,0,0,0,0,0,0,0,0,0,0,Low
xlsx,963,0,0,0,0,0,0,0,0,0,0,0,0,0,0,0,0,0,0,Low
jpg,556,0,0,0,0,0,0,0,0,0,0,0,1,1,0,1,1,0,0,Medium
xlsx,1354,0,0,0,1,0,0,0,0,0,0,0,0,0,0,0,0,0,0,Low
txt,8698,0,1,0,0,0,0,0,1,1,1,0,1,0,0,1,0,0,1,High
jpg,394,0,0,1,0,0,0,0,0,0,0,0,0,1,0,0,0,0,0,Low
json,5963,0,0,1,0,0,0,0,1,0,0,1,0,1,0,0,1,0,1,High
csv,1611,1,0,1,0,0,0,0,1,0,0,0,0,0,0,0,1,1,1,High
xlsx,10407,1,0,1,0,1,0,1,0,0,1,0,0,0,0,0,0,0,0,High
pdf,3286,0,0,0,0,0,0,0,0,0,0,0,0,1,1,0,0,0,0,Medium
json,6924,0,0,1,1,1,0,1,1,0,0,0,1,1,0,1,1,0,0,High
docx,1370,0,0,0,0,0,0,0,0,0,0,0,0,1,0,0,0,0,0,Low
other,1809,1,1,0,0,0,0,0,0,0,0,0,0,1,1,1,0,0,0,Medium
csv,2058,0,0,0,0,0,0,0,0,0,0,0,0,1,1,1,0,0,0,Medium
xlsx,11996,0,0,0,0,0,0,0,0,0,0,0,1,0,0,1,0,0,1,High
csv,7878,0,0,1,0,0,0,1,0,1,0,0,0,0,0,1,0,0,0,High
docx,2758,0,0,1,1,0,0,0,0,0,0,0,0,0,1,0,0,0,0,Medium
other,1334,0,0,0,1,0,0,0,0,0,0,0,0,0,0,1,0,0,0,Medium
xlsx,5262,0,0,0,1,0,0,0,0,0,0,0,1,0,1,0,0,0,0,Medium
json,6268,0,1,1,0,1,1,1,1,1,0,0,1,0,0,1,0,0,1,High
png,5631,0,0,1,0,0,0,0,0,0,0,0,1,1,1,0,0,0,0,Medium
png,694,1,0,0,1,1,0,0,1,0,0,0,0,0,0,1,1,0,0,High
log,8885,1,1,0,0,0,0,0,0,0,0,0,0,0,0,1,0,1,1,High
png,1273,0,1,1,0,1,0,0,0,0,1,0,1,1,0,0,0,0,0,High
csv,4818,0,0,0,1,0,0,0,0,0,0,0,0,0,0,1,0,0,1,High
other,6944,0,0,0,1,1,0,0,0,0,1,0,1,0,0,0,0,1,0,High
other,3800,0,0,0,0,0,0,0,0,0,0,0,0,0,1,0,0,0,0,Medium
pdf,5720,0,0,1,0,0,0,0,0,0,0,0,1,1,0,1,0,0,0,Medium
png,6042,0,0,0,0,0,0,0,0,0,0,0,1,0,1,1,0,1,0,Medium
png,46,0,0,1,0,0,0,0,0,0,0,0,0,0,0,0,0,0,0,Low
other,137,0,0,1,0,0,0,0,0,0,0,0,0,1,0,0,0,0,0,Medium
txt,1171,0,0,0,0,0,0,0,0,0,0,0,1,0,0,0,0,0,0,Low
pdf,287,0,0,0,0,0,0,0,0,0,0,0,0,1,1,1,1,0,0,Medium
docx,740,0,1,0,1,0,0,1,0,0,1,1,0,0,0,1,0,0,0,High
jpg,1040,0,0,0,0,0,0,0,0,0,0,0,0,0,0,0,0,0,0,Low
png,1326,0,0,0,0,0,0,0,0,0,0,0,0,0,0,0,0,0,0,Low
jpg,1648,0,0,0,0,0,0,0,0,0,0,0,0,0,0,1,0,0,0,Low
xlsx,4678,0,0,0,0,0,1,0,0,0,0,0,0,0,0,1,1,0,0,Medium
txt,2006,0,1,1,0,0,0,0,0,0,0,0,0,0,1,0,1,0,0,Medium
txt,536,0,0,0,0,0,0,0,1,0,0,0,0,0,0,0,0,0,0,Low
jpg,6853,0,0,1,0,0,0,0,0,0,1,0,0,0,0,0,0,0,0,Medium
txt,4326,0,0,1,0,0,0,0,0,0,0,0,1,0,0,1,0,0,0,Medium
docx,1658,0,0,0,0,0,0,0,0,0,0,0,0,0,0,0,0,0,0,Low
pdf,5728,0,0,1,0,0,0,1,1,0,0,0,0,1,1,1,0,0,0,Medium
png,585,0,0,0,1,0,0,0,0,0,0,0,1,1,0,1,0,0,0,Medium
png,6194,0,0,0,0,0,0,0,0,0,0,0,0,1,0,0,0,0,0,Medium
txt,7662,0,1,0,0,0,0,0,1,0,1,0,0,1,0,0,0,0,0,High
png,1541,0,0,0,0,0,0,0,0,0,0,0,0,0,1,0,0,0,0,Low
png,5282,1,0,0,0,0,0,1,0,0,0,0,1,0,1,0,0,0,0,Medium
png,1225,0,0,0,0,0,0,0,0,0,0,0,0,0,0,0,0,1,0,Low
png,1418,0,0,0,0,0,0,0,0,0,0,0,0,1,0,0,0,0,0,Low
json,1533,0,1,1,0,1,0,1,0,1,0,0,1,1,0,0,0,0,1,High
txt,5199,0,0,0,0,0,0,0,0,0,0,0,0,1,1,0,0,0,0,Medium
xlsx,977,0,0,0,0,0,0,0,0,0,0,0,0,0,0,0,0,0,0,Low
docx,4610,0,0,0,0,0,0,0,0,0,0,0,0,1,0,1,0,0,0,Medium
png,6178,1,0,1,1,0,0,0,1,1,0,1,1,0,1,0,0,0,0,High
jpg,63,0,0,1,0,0,0,0,0,0,0,0,0,0,0,0,0,0,0,Low
xlsx,1702,0,0,0,0,0,0,0,0,0,0,0,0,1,0,0,0,0,0,Low
xlsx,1632,0,0,0,0,0,0,0,0,0,0,0,0,0,0,0,0,0,0,Low
txt,777,0,0,0,0,0,0,0,0,0,0,0,0,1,0,0,0,0,0,Low
txt,11699,0,1,0,1,1,0,1,1,0,0,0,0,0,0,0,0,1,0,High
pdf,3573,0,0,0,1,0,0,0,1,1,1,0,0,0,0,0,0,0,1,High
docx,4029,0,0,1,0,0,0,0,0,0,0,0,0,1,0,1,0,0,0,Medium
txt,1444,0,0,0,0,0,0,0,0,0,0,0,0,1,0,0,0,0,0,Low
docx,920,0,0,0,0,0,0,0,0,0,0,0,0,1,0,1,1,0,0,Medium
log,9718,0,0,0,0,1,0,0,0,0,0,1,0,0,0,0,0,0,0,High
csv,11456,0,0,1,0,0,1,0,0,0,0,0,1,0,0,0,1,0,0,High
txt,2813,1,1,0,0,1,0,0,0,0,0,0,0,0,0,0,0,1,1,High
png,8455,0,1,0,1,0,0,1,1,1,0,0,0,1,0,0,0,1,0,High
csv,3566,0,0,0,0,0,0,0,0,0,0,0,1,0,1,0,0,1,0,Medium
png,1407,0,0,0,0,0,0,0,0,0,0,0,0,0,0,0,0,0,0,Low
png,8438,0,1,1,1,0,1,0,0,1,0,1,0,0,0,0,1,0,0,High
json,7226,1,0,1,0,1,0,0,1,0,1,0,0,0,0,1,0,0,0,High
xlsx,126,0,1,0,1,0,0,0,0,0,0,0,1,0,0,1,1,0,0,Medium
png,729,0,0,0,1,0,0,0,0,0,0,0,0,0,0,1,0,0,0,Medium
csv,9974,0,0,0,0,1,1,0,1,0,0,0,0,0,0,0,0,0,0,High
docx,11426,0,0,0,0,0,0,0,1,1,1,0,0,0,0,0,0,1,1,High
pdf,6406,0,0,1,0,0,0,0,0,0,0,0,1,1,1,1,1,0,0,Medium
xlsx,10685,0,0,0,0,1,0,0,1,0,1,0,0,0,0,0,0,0,0,High
docx,1846,0,0,0,0,0,0,0,0,0,0,0,1,1,0,1,0,0,0,Medium
jpg,5738,0,1,1,1,1,0,0,1,1,1,0,1,0,0,1,0,0,1,High
jpg,1185,0,0,0,0,0,0,0,0,0,0,0,0,0,0,0,0,0,0,Low
txt,8653,0,1,1,1,0,0,1,1,1,0,0,1,0,1,0,0,0,0,High
docx,717,0,0,0,0,0,0,0,0,0,0,0,0,0,0,0,0,0,0,Low
csv,4065,0,1,0,0,1,0,0,0,1,1,0,1,1,0,1,0,0,0,High
other,9254,0,0,1,0,0,0,0,1,0,0,1,0,0,1,0,1,0,0,High
other,6177,0,1,1,0,0,0,0,1,0,0,1,0,0,0,1,0,1,1,High
log,8434,1,0,0,0,0,0,0,1,0,0,0,1,0,0,0,0,0,0,High
xlsx,5087,0,0,0,1,0,0,0,0,0,0,0,0,0,0,1,1,0,0,Medium
txt,1116,1,0,0,0,0,0,0,0,0,0,0,0,1,0,0,0,0,0,Low
txt,141,0,0,0,0,0,0,0,0,0,0,0,1,0,0,0,0,0,0,Low
pdf,2674,0,1,1,0,0,1,0,0,0,0,0,1,1,1,0,0,0,0,Medium
pdf,6797,0,0,0,0,0,0,0,0,0,0,0,0,0,1,1,0,0,0,Medium
csv,6516,0,0,1,0,0,0,1,0,0,0,0,0,1,0,0,0,0,0,Medium
json,10837,0,0,0,0,0,0,0,1,1,0,0,0,0,0,0,0,0,1,High
pdf,4321,0,0,1,0,0,0,0,0,0,0,0,0,0,0,1,0,0,0,Medium
jpg,1397,0,0,0,0,0,0,0,0,0,0,0,0,0,0,0,0,0,0,Low
docx,11374,1,0,1,0,1,0,1,0,0,0,0,1,0,0,0,0,0,1,High
xlsx,1784,0,0,0,0,0,0,0,0,0,0,0,0,0,0,0,0,0,0,Low
other,250,0,0,1,1,0,0,0,0,0,0,0,0,1,0,1,0,0,0,Medium
docx,1071,0,0,0,0,0,0,0,0,0,0,0,0,0,0,0,0,0,0,Low
docx,6276,0,0,0,1,0,0,0,1,0,0,0,1,1,0,0,0,1,0,Medium
csv,8230,0,0,0,0,0,0,0,1,1,0,0,1,1,0,1,0,0,0,High
txt,1318,0,0,0,0,0,0,0,0,0,0,0,0,0,0,0,0,0,0,Low
log,8024,0,0,1,1,0,1,0,0,0,0,1,0,0,0,0,0,0,1,High
txt,623,0,0,0,0,0,0,0,0,0,0,0,0,0,0,1,0,0,0,Low
csv,6343,0,1,0,0,0,0,0,0,0,0,0,1,0,0,0,0,0,0,Medium
txt,26,0,0,1,0,0,0,0,0,0,0,0,1,1,0,0,0,0,0,Low
docx,10864,0,0,1,0,0,0,0,0,0,1,0,0,0,0,0,0,0,0,High
txt,6697,0,1,0,0,0,0,0,0,0,0,0,1,0,0,0,0,1,0,High
pdf,1628,0,0,0,0,0,0,0,0,0,0,0,0,0,0,0,0,0,0,Low
csv,3600,0,0,1,0,0,0,0,0,0,0,0,0,0,0,0,0,0,0,Medium
docx,58,0,0,0,0,0,0,0,0,0,0,0,0,0,0,0,0,0,0,Low
json,4563,1,0,1,0,0,0,0,1,0,0,0,0,0,0,0,0,0,0,High
csv,2526,0,0,0,0,0,0,0,0,0,0,0,0,0,0,1,0,0,0,Medium
png,1084,0,0,0,0,0,0,0,0,0,0,0,0,0,0,1,0,0,0,Low
jpg,6874,0,0,1,0,1,0,0,0,0,0,0,0,1,1,1,0,1,0,Medium
jpg,853,0,0,0,0,0,0,0,0,0,0,0,0,0,0,0,0,0,0,Low
other,10209,0,1,0,0,1,0,1,1,0,0,0,0,0,0,1,0,0,0,High
pdf,5264,0,0,0,1,0,0,0,0,0,0,0,1,0,1,0,0,1,0,Medium
docx,1774,0,0,0,1,0,0,0,0,1,0,0,0,0,0,1,0,0,0,Medium
pdf,5687,0,0,1,1,0,0,0,0,0,0,0,1,1,0,1,0,0,0,Medium
png,6676,0,0,0,0,0,0,0,1,0,0,0,0,0,1,0,0,0,0,Medium
other,1268,1,0,0,1,0,0,0,0,0,1,1,0,0,0,1,1,0,0,High
csv,11067,1,0,0,0,1,0,1,0,1,0,0,0,0,0,1,0,0,0,High
docx,1155,0,0,0,0,0,0,0,0,0,0,1,0,0,1,1,0,0,0,Medium
docx,5482,0,0,0,0,0,0,0,0,0,0,0,0,0,1,0,0,0,0,Medium
jpg,3046,1,0,0,1,1,0,0,0,0,0,1,1,1,0,0,0,0,1,High
other,1248,0,0,0,0,0,0,0,1,0,0,0,0,0,0,0,0,0,0,Low
png,6656,0,0,0,0,0,0,0,0,0,0,0,1,1,1,0,0,0,0,Medium
other,4996,0,0,1,0,0,0,0,0,0,0,0,0,1,1,0,0,1,0,Medium
other,250,0,0,0,0,0,0,0,0,0,0,0,0,1,0,0,0,0,0,Low
png,1467,0,0,0,0,0,0,0,0,0,0,0,0,0,0,0,0,0,0,Low
docx,4790,1,0,0,0,0,0,0,0,0,0,0,0,1,0,1,0,0,0,Medium
txt,1274,0,0,0,0,0,0,0,0,0,0,0,0,0,0,0,0,0,0,Low
pdf,1189,0,0,0,0,0,0,0,0,0,0,0,0,0,0,0,0,0,0,Low
png,172,0,0,0,0,0,0,0,0,0,0,0,1,1,0,0,0,0,0,Low
csv,5665,0,0,0,0,0,0,1,0,0,0,0,0,0,0,0,1,1,0,High
pdf,2840,0,0,0,1,0,0,0,1,0,0,0,0,0,0,1,0,0,0,Medium
png,6727,0,1,0,0,0,1,0,1,0,0,0,1,0,0,1,0,1,1,High
txt,786,0,0,1,0,0,0,0,0,0,0,0,0,0,1,0,0,0,0,Low
pdf,2773,0,0,1,1,0,0,0,1,0,0,0,0,0,0,0,0,0,0,Medium
docx,4459,0,1,0,0,0,0,0,0,0,0,0,0,1,0,0,1,0,0,Medium
xlsx,332,0,0,0,0,0,0,0,0,0,0,0,0,0,0,0,0,0,0,Low
docx,298,0,0,0,1,0,0,0,0,0,0,0,0,1,0,1,0,0,0,Medium
other,6974,0,0,0,0,0,0,0,0,0,0,0,0,1,1,1,0,0,0,Medium
png,6060,0,0,0,0,0,0,0,0,0,0,0,1,0,0,1,0,0,0,Medium
png,8115,1,1,0,0,0,1,0,1,0,0,0,1,0,0,0,1,0,1,High
txt,10332,1,1,1,0,1,0,0,0,0,0,1,1,0,0,0,0,0,0,High
csv,5290,0,0,0,0,0,0,0,1,0,0,0,1,1,1,0,1,0,0,Medium
pdf,5369,0,0,0,0,0,0,1,1,1,0,0,1,0,0,0,0,0,0,High
txt,6196,0,1,1,0,0,0,0,0,0,1,0,0,0,0,0,1,0,1,High
png,547,0,0,0,0,0,0,0,0,0,0,0,0,0,0,1,0,0,0,Low
pdf,1929,0,0,0,1,0,0,0,0,0,0,0,1,1,1,0,0,0,0,Medium
xlsx,1781,0,0,0,0,0,0,0,0,0,0,0,0,0,0,0,0,0,0,Low
docx,1167,0,0,0,0,0,0,0,0,0,0,0,0,0,0,0,0,0,0,Low
jpg,774,0,0,0,0,0,0,0,0,0,0,0,0,0,0,0,0,0,0,Low
other,10099,1,1,1,0,0,1,0,0,0,1,0,1,0,0,1,0,1,1,High
pdf,8777,0,0,0,1,1,0,0,1,1,0,0,0,1,0,0,1,1,1,High
docx,3591,0,0,1,0,0,0,0,1,0,0,0,0,1,0,0,1,0,0,Medium
xlsx,1581,0,0,0,0,0,0,0,0,0,0,0,0,0,0,0,0,0,0,Low
docx,5606,1,0,0,1,0,0,0,0,0,0,0,1,0,0,1,0,0,0,Medium
txt,1194,1,0,0,0,0,0,0,0,0,0,0,0,0,0,0,0,0,0,Low
pdf,1090,0,0,0,0,0,0,0,0,0,0,0,0,0,0,0,0,0,0,Low
docx,4192,0,0,0,0,1,0,0,0,0,0,0,1,0,0,1,0,1,0,Medium
txt,6326,0,0,1,1,0,1,0,1,0,0,0,1,0,0,0,0,0,1,High
other,5096,0,0,0,1,1,0,0,0,1,1,0,0,1,0,0,0,1,0,High
txt,1820,0,0,0,0,0,0,1,0,0,0,0,0,1,1,0,0,0,0,Medium
png,701,0,0,0,0,0,0,0,0,0,0,0,0,0,0,0,0,0,0,Low
json,2353,0,1,0,0,0,0,1,0,0,0,1,0,0,1,0,0,0,0,High
jpg,1156,0,0,0,0,0,0,0,0,0,0,0,1,0,0,0,0,0,0,Medium
xlsx,1133,0,0,0,0,0,0,0,0,0,0,1,0,0,0,0,0,0,0,Low
other,406,0,0,0,0,0,0,0,0,0,0,0,0,1,0,0,0,0,0,Low
txt,1119,0,0,1,1,0,0,0,0,0,0,0,0,0,0,0,0,0,0,Low
txt,1057,0,0,0,0,0,0,0,0,0,0,0,0,0,0,0,0,0,0,Low
other,926,0,0,1,0,0,0,0,0,0,0,0,0,1,0,0,0,0,0,Medium
txt,6266,0,0,0,0,0,0,0,0,0,0,0,0,1,0,1,0,0,0,Medium
other,3895,0,0,0,0,0,0,0,0,0,0,0,1,0,0,1,1,0,0,Medium
txt,998,0,0,1,0,0,0,0,0,0,0,0,0,0,0,0,0,0,0,Medium
docx,143,0,0,0,0,0,0,0,0,0,0,0,0,0,0,0,0,0,0,Low
txt,7282,0,1,0,0,1,1,0,0,0,0,0,0,0,0,1,1,0,1,High
other,6603,0,1,1,1,0,0,0,0,0,1,0,0,0,0,0,1,0,0,High
docx,3283,1,0,0,0,0,0,0,0,0,0,0,0,1,1,1,1,0,0,Medium
xlsx,6843,0,0,0,0,0,0,0,0,0,0,0,1,1,1,1,0,0,0,Medium
png,2106,0,0,1,0,0,0,0,0,0,0,0,1,0,1,1,0,0,0,Medium
csv,6823,0,0,1,0,0,0,0,0,0,0,0,0,0,0,1,1,0,0,Medium
docx,3029,0,0,0,1,0,0,1,0,0,0,0,1,1,0,1,0,0,0,Medium
pdf,778,0,0,0,0,0,0,0,0,0,0,0,0,1,1,1,0,0,0,Medium
jpg,5030,0,1,1,0,0,0,0,0,1,0,0,1,1,0,0,0,1,1,High
png,1658,0,0,0,0,0,0,0,0,0,0,0,0,0,0,0,0,0,0,Low
jpg,5019,1,1,0,0,0,1,0,1,1,0,0,0,0,0,0,0,0,0,High
txt,2805,0,0,0,0,0,0,0,0,0,1,0,1,1,1,0,0,0,0,Medium
docx,196,0,0,0,0,0,0,1,1,0,0,0,0,1,0,1,1,0,0,Medium
pdf,1232,0,0,0,0,0,0,0,0,0,0,0,0,0,0,0,0,0,0,Low
csv,11300,0,0,0,1,0,0,0,0,0,0,0,1,1,0,0,0,0,1,High
pdf,5532,0,0,1,0,0,0,0,1,0,0,0,0,1,1,0,0,0,0,Medium
jpg,550,0,0,0,0,0,0,0,0,0,0,0,0,0,0,0,0,0,0,Low
png,6586,0,0,0,0,0,0,0,0,0,0,0,0,1,0,1,0,0,0,Medium
jpg,2423,0,0,0,1,0,0,0,0,0,0,0,0,0,0,1,0,0,0,Medium
pdf,1363,0,0,0,0,0,0,0,0,0,0,0,0,0,0,0,0,0,0,Low
csv,4388,0,0,0,0,0,0,0,0,0,0,0,0,0,1,1,0,0,1,Medium
txt,950,0,0,0,0,0,0,0,0,0,0,0,0,0,0,0,0,0,0,Low
csv,4620,0,0,0,1,0,0,0,1,0,0,0,0,0,0,1,0,0,0,Medium
xlsx,1491,0,0,0,1,0,0,0,0,0,0,0,0,1,0,0,0,0,0,Low
docx,1330,0,0,0,0,0,0,0,0,0,0,0,0,0,0,0,0,0,0,Low
pdf,2244,0,0,0,0,0,0,0,0,0,0,0,0,0,1,1,0,0,0,Medium
png,1000,0,0,0,1,0,0,0,0,0,0,0,0,1,0,0,0,0,0,Low
txt,4085,0,1,0,0,0,1,0,0,0,1,0,0,0,0,0,0,1,1,High
docx,3812,0,0,0,0,0,0,0,0,0,0,0,1,0,0,0,0,0,0,Medium
pdf,5766,0,1,0,0,0,0,0,0,0,0,0,0,0,0,0,0,0,0,High
csv,9776,1,0,0,0,0,1,0,0,0,0,0,1,0,0,0,1,0,1,High
pdf,4269,0,0,1,0,0,0,0,0,0,0,0,1,0,0,0,0,0,0,Medium
docx,3947,0,0,0,0,0,0,0,0,0,0,0,0,0,1,1,0,0,0,Medium
txt,11509,1,0,0,1,0,0,0,1,0,0,0,0,0,0,0,0,1,0,High
other,6332,0,0,1,1,0,0,0,0,0,0,0,1,1,0,0,0,0,0,Medium
jpg,3939,0,0,0,0,0,0,0,1,0,0,0,0,1,1,0,0,0,0,Medium
png,6493,0,0,0,0,0,1,0,1,0,0,1,0,0,0,0,0,0,1,High
xlsx,6337,0,0,0,0,0,1,1,1,0,0,0,0,1,0,0,0,0,1,High
pdf,136,0,0,0,0,0,0,0,0,0,0,0,0,0,1,1,0,0,0,Low
other,4238,0,0,0,0,1,0,1,0,0,0,0,1,0,0,0,0,0,0,High
txt,2641,0,0,0,0,0,0,1,0,0,0,0,0,0,1,1,0,0,0,Medium
png,3323,1,1,0,0,0,0,0,1,0,0,0,0,0,0,0,0,0,1,High
xlsx,596,0,0,0,1,0,0,0,0,0,0,0,0,0,0,1,0,0,0,Low
xlsx,1256,0,0,0,0,0,1,0,0,0,1,1,0,0,0,0,0,0,0,High
xlsx,10768,0,0,0,1,0,0,1,0,1,0,0,0,0,0,0,0,0,1,High
png,871,0,0,0,0,0,0,0,0,0,0,0,0,0,0,1,0,0,0,Low
png,9770,0,0,0,0,0,0,0,0,0,1,0,0,0,0,1,0,0,1,High
txt,5615,1,0,0,0,0,0,0,0,0,0,0,1,1,0,1,0,0,0,Medium
other,4764,1,0,0,0,0,1,1,1,0,0,0,0,1,0,1,0,0,1,High
docx,1059,0,0,0,0,0,0,0,0,0,0,0,0,0,0,0,0,0,0,Low
png,1728,0,0,0,0,0,0,0,0,0,0,0,1,0,0,0,0,0,0,Low
png,1507,0,0,0,0,0,0,0,0,0,0,0,0,0,0,0,0,0,0,Low
txt,808,0,0,0,0,0,0,0,0,0,0,0,1,0,0,0,0,1,0,Medium
txt,8205,1,1,1,0,0,0,0,0,0,1,0,1,0,0,0,1,0,1,High
txt,320,0,0,0,0,0,0,0,0,0,0,0,0,0,0,0,0,0,0,Low
xlsx,3579,0,1,0,0,0,0,0,1,1,0,0,0,1,1,0,1,0,0,High
png,10585,0,1,1,1,0,1,0,0,0,0,0,0,0,0,0,0,0,0,High
png,1567,0,0,0,0,0,0,0,0,0,0,0,0,0,0,0,0,0,0,Low
txt,3709,1,1,1,0,0,0,1,0,1,1,1,0,0,0,1,1,0,0,High
xlsx,1690,0,0,1,0,0,0,0,1,0,0,0,0,1,1,0,0,1,0,Medium
png,1987,0,1,0,0,0,0,0,1,0,0,0,0,0,0,0,0,0,1,High
png,378,0,0,0,0,0,0,0,0,0,0,0,0,1,0,0,0,0,0,Low
docx,1703,0,0,1,0,0,0,0,0,0,0,0,0,0,0,0,0,0,0,Low
other,6654,0,0,1,0,0,0,0,0,0,0,0,1,1,1,1,0,1,0,Medium
other,4797,0,0,0,0,0,0,0,0,0,0,0,0,1,0,0,0,0,0,Medium
other,498,0,0,0,0,0,0,0,0,0,0,0,0,0,0,1,0,0,0,Medium
csv,996,0,0,0,0,0,0,1,1,1,1,0,0,0,0,0,0,0,0,High
jpg,110,0,0,0,0,0,0,0,0,0,0,0,0,0,0,0,0,0,0,Low
pdf,455,0,0,0,1,0,0,0,0,0,0,0,1,1,1,1,1,0,0,Medium
xlsx,4211,0,0,0,1,0,0,0,0,0,0,0,0,0,0,1,1,0,0,Medium
pdf,4996,1,0,1,0,0,0,0,1,0,1,0,1,1,0,0,1,0,0,Medium
xlsx,8923,1,0,0,1,1,0,0,0,0,1,0,1,0,0,1,0,0,0,High
other,6660,0,0,1,0,0,0,0,0,0,0,0,0,1,1,0,0,0,0,Medium
other,6907,0,0,1,0,0,0,0,1,0,0,0,0,0,0,0,0,0,0,Medium
csv,2586,0,0,0,0,0,0,0,0,0,0,0,0,1,0,1,0,0,0,Medium
other,2947,1,0,0,0,1,0,0,0,0,0,1,0,0,0,0,0,0,0,High
pdf,9147,0,0,1,0,1,0,0,0,0,0,1,0,0,0,0,0,0,0,High
jpg,1238,0,0,0,0,0,0,0,0,0,0,0,0,1,0,0,0,0,0,Low
other,1254,0,0,0,0,0,0,0,0,0,0,0,0,1,0,0,0,0,0,Low
docx,2341,0,0,1,0,0,0,0,0,0,0,1,1,0,0,0,1,0,0,High
csv,3132,1,1,0,0,0,0,0,1,0,0,0,0,0,0,1,0,1,1,High
png,3140,0,1,1,0,0,1,0,0,0,1,0,0,0,0,0,0,1,1,High
png,675,0,0,0,0,0,0,0,0,0,0,0,0,0,0,1,0,0,0,Low
pdf,6445,0,1,0,1,0,0,1,1,0,0,0,0,0,0,0,0,0,1,High
other,1698,0,0,0,0,0,0,0,0,0,0,0,0,0,0,0,0,0,0,Low
jpg,11552,1,1,0,0,0,0,1,1,0,0,0,0,0,0,0,0,0,1,High
other,1122,0,0,0,0,0,0,0,0,0,0,0,0,0,0,0,0,0,0,Low
jpg,1760,0,0,0,0,0,0,0,0,0,0,0,0,0,0,1,0,0,0,Low
png,828,0,0,1,0,0,0,0,0,0,0,0,0,0,0,0,0,0,0,Low
txt,888,0,0,1,0,0,0,0,0,0,0,0,0,0,0,1,0,0,0,Low
jpg,5889,0,1,1,0,1,0,0,1,0,0,0,1,0,0,0,0,0,1,High
pdf,2264,0,0,1,0,0,0,0,1,0,0,0,0,0,0,0,1,0,0,Medium
png,1695,0,0,0,0,0,0,0,0,0,0,0,0,0,0,0,0,0,0,Low
png,683,0,0,1,0,0,0,0,0,0,0,0,0,0,0,0,0,0,0,Low
docx,11102,1,0,1,1,1,1,0,0,1,0,0,0,0,0,0,0,1,0,High
other,8605,0,1,0,0,0,0,0,0,0,0,0,0,0,0,0,0,0,0,High
txt,5017,1,1,0,0,0,0,1,0,0,1,0,0,0,0,0,0,1,0,High
png,442,0,0,0,0,0,0,0,0,0,0,0,0,0,0,0,0,0,0,Low
txt,1078,0,0,0,0,0,0,1,0,0,0,0,0,1,0,0,0,0,0,Low
other,4012,0,0,0,0,0,0,0,0,0,0,0,0,1,0,0,1,0,0,Medium
other,342,0,0,1,0,0,0,0,1,0,0,0,0,0,0,1,0,0,0,Medium
xlsx,4250,0,0,0,0,0,0,0,0,0,0,0,0,1,0,1,0,0,0,Medium
xlsx,224,0,0,0,0,0,0,0,0,0,0,0,0,0,0,0,0,0,0,Low
docx,6144,0,1,0,1,0,0,0,0,0,0,0,1,1,0,1,0,0,0,Medium
png,9476,0,0,0,0,0,1,0,1,0,0,0,0,0,0,0,1,0,0,High
pdf,1395,0,0,0,0,0,0,0,0,0,0,0,0,0,0,0,0,0,0,Low
other,3775,1,1,0,0,1,0,0,1,1,0,0,0,0,1,0,1,1,0,High
docx,1362,0,0,0,0,0,0,0,0,0,0,0,0,0,1,0,0,0,0,Medium
png,10937,1,1,1,1,0,1,1,1,0,0,0,0,0,0,1,1,0,0,High
pdf,4592,0,1,0,1,1,1,0,1,0,0,0,0,0,0,0,1,0,0,High
txt,1345,0,0,0,0,0,0,0,0,0,0,0,0,0,1,0,0,0,0,Low
other,3036,1,0,0,0,0,0,0,0,0,0,0,0,0,1,0,1,0,0,Medium
docx,1015,0,0,0,0,0,0,0,0,0,0,0,0,0,0,0,0,0,0,Low
docx,641,0,0,1,0,0,0,0,0,0,0,0,0,0,0,0,0,0,0,Low
docx,6789,0,0,0,0,0,0,0,0,0,0,0,1,1,0,1,0,0,0,Medium
docx,8835,1,1,0,1,1,0,1,1,1,0,0,0,0,0,0,0,1,0,High
txt,854,0,0,0,0,0,0,0,0,0,0,0,0,0,0,0,0,0,0,Low
txt,29,0,0,0,0,0,0,0,0,0,0,0,0,0,0,0,0,0,0,Low
txt,773,0,1,0,0,0,0,0,0,0,0,0,0,1,0,0,0,0,0,Low
png,5176,0,0,0,1,0,0,0,0,0,0,0,0,1,1,1,0,0,0,Medium
xlsx,5928,0,0,1,1,0,0,0,1,0,0,0,0,1,0,1,0,0,0,Medium
jpg,46,1,0,0,0,0,1,1,0,1,1,0,0,0,0,0,0,0,0,High
jpg,148,0,0,0,0,0,0,0,0,0,0,0,0,0,1,0,0,0,0,Low
other,1760,0,0,0,0,0,0,0,0,0,0,0,0,0,0,0,0,0,0,Low
docx,1469,0,0,0,0,0,0,0,0,0,0,0,0,0,1,1,0,0,0,Low
docx,2270,0,0,1,0,0,0,0,0,0,0,0,0,1,0,0,0,0,0,Medium
docx,6550,0,0,0,0,0,0,0,0,0,0,1,0,1,0,1,0,0,0,Medium
csv,6475,0,1,1,0,0,1,1,0,0,0,0,0,1,1,1,1,0,0,Medium
docx,158,0,0,1,0,0,0,0,0,0,0,0,1,1,1,1,0,0,0,Medium
pdf,5368,0,0,1,0,0,0,1,1,1,0,1,0,0,0,1,0,0,0,High
docx,6169,0,0,1,0,0,0,0,0,0,0,0,0,0,0,1,0,0,0,Medium
docx,3566,0,0,1,0,0,0,0,0,0,0,0,1,1,1,1,0,0,0,Medium
other,6907,0,0,0,0,0,0,0,0,0,0,0,0,0,0,1,0,1,0,Medium
docx,43,0,0,0,0,0,0,0,0,0,0,0,0,0,0,0,0,0,0,Low
log,2987,0,0,1,0,1,0,0,0,0,0,0,0,0,1,0,0,0,1,High
jpg,378,0,0,0,0,0,0,0,0,0,0,0,0,0,0,1,0,0,0,Low
pdf,7658,0,0,1,0,1,0,0,1,0,0,1,0,0,0,0,0,0,0,High
csv,11011,1,1,1,1,0,0,1,0,0,1,0,1,0,0,0,1,0,0,High
png,1433,0,0,0,0,0,0,0,0,0,0,0,0,0,0,0,0,0,0,Low
docx,6201,0,0,1,0,0,0,0,1,0,0,0,1,0,0,0,0,0,0,Medium
log,4757,0,0,1,0,0,1,0,0,1,0,1,0,0,0,0,0,1,1,High
xlsx,8422,0,0,0,0,0,1,0,1,0,0,0,0,0,0,0,0,0,1,High
docx,5662,0,1,1,1,0,1,1,0,0,0,0,0,1,1,1,0,0,0,Medium
png,11333,1,1,0,1,0,1,1,1,0,0,0,1,0,0,0,0,0,0,High
xlsx,11954,0,0,0,0,0,1,1,0,0,0,0,1,0,0,1,0,0,0,High
csv,10811,1,1,0,0,0,1,0,1,0,0,0,0,0,0,0,0,0,0,High
log,3237,0,1,1,1,1,0,0,1,1,0,0,0,0,0,0,0,0,0,High
png,3177,0,0,0,1,0,0,0,0,0,0,0,0,1,0,1,0,0,0,Medium
pdf,9322,0,1,1,0,0,0,0,0,0,0,1,0,0,0,0,0,0,0,High
json,1570,0,0,0,1,0,0,0,0,0,1,0,0,0,0,1,0,1,0,High
pdf,4486,0,0,0,0,0,0,0,1,0,0,0,0,0,0,0,0,0,0,Medium
docx,519,0,0,0,0,0,0,0,0,0,0,0,0,0,0,0,0,0,0,Medium
json,9068,0,1,0,0,0,0,0,0,0,0,0,0,1,0,0,0,0,1,High
csv,7799,1,1,1,0,0,0,0,0,1,1,1,0,0,1,0,0,1,0,High
txt,323,0,0,0,0,0,0,0,0,0,0,0,0,0,0,0,0,0,0,Low
log,10948,1,0,0,0,0,1,1,1,0,0,0,0,1,0,0,1,0,1,High
docx,3278,0,0,1,0,0,0,0,0,0,0,0,0,0,0,1,1,0,0,Medium
pdf,1353,0,0,1,0,0,0,0,0,0,0,0,0,0,0,0,0,0,0,Low
xlsx,4988,0,0,0,0,0,0,1,0,0,0,0,0,1,0,1,0,0,0,Medium
png,1521,0,0,0,0,0,0,1,0,0,0,0,0,0,0,0,0,0,0,Medium
jpg,10917,1,1,1,0,1,0,0,0,0,0,0,0,0,0,0,0,0,1,High
xlsx,11701,0,1,1,0,0,0,0,1,0,0,0,1,0,0,0,0,0,0,High
other,3491,0,0,0,0,0,0,1,0,0,0,0,0,1,0,1,0,0,0,Medium
pdf,11017,0,0,0,0,0,0,0,0,1,1,0,1,0,0,1,0,1,1,High
csv,10645,0,0,0,0,1,0,0,1,0,0,0,0,0,0,1,0,1,1,High
txt,730,0,0,0,0,0,0,0,0,0,0,0,0,0,1,0,0,0,0,Low
txt,1306,0,0,0,1,0,0,0,0,0,0,0,0,0,1,0,0,0,0,Low
txt,1029,1,0,0,1,0,0,0,1,0,1,1,0,0,0,0,0,0,0,High
jpg,942,0,0,0,0,0,0,0,0,0,0,0,0,0,0,0,0,0,0,Low
png,1534,0,0,0,0,0,0,0,0,0,0,0,0,0,0,0,0,0,0,Low
txt,216,0,0,0,0,1,0,0,0,0,0,0,0,0,0,0,0,0,0,Low
txt,1409,0,0,0,0,0,0,0,0,0,0,0,1,0,0,0,0,0,0,Low
txt,696,0,0,0,0,0,0,0,0,0,0,0,0,0,0,0,0,0,0,Low
txt,1233,0,0,0,0,0,0,0,0,0,0,0,0,0,0,0,0,0,0,Medium
jpg,1684,0,0,1,0,0,0,0,0,0,0,0,0,1,0,1,0,0,0,Medium
other,7120,1,1,0,0,0,0,1,0,0,0,1,1,1,0,0,0,1,0,High
pdf,471,0,0,0,0,0,0,0,0,0,0,0,0,1,1,0,0,0,0,Medium
log,3149,0,1,0,0,0,0,0,1,0,1,1,0,1,0,0,0,0,1,High
jpg,1536,0,0,0,0,0,0,0,0,0,0,0,0,0,1,0,0,0,0,Low
jpg,7731,0,0,0,0,0,0,1,1,0,1,0,1,0,0,1,1,0,0,High
pdf,6102,0,0,0,0,0,0,0,0,0,0,0,0,0,1,1,0,0,0,Medium
txt,5516,0,0,1,0,0,0,0,0,0,0,0,1,0,0,0,0,0,0,Medium
docx,6601,0,1,0,0,0,0,0,0,0,0,0,0,0,0,1,0,1,0,High
txt,454,0,0,0,0,0,0,0,0,0,0,0,0,0,0,0,0,0,0,Low
other,273,0,0,0,0,0,0,0,0,0,0,0,0,1,0,0,0,0,0,Low
docx,6602,0,0,0,0,0,0,0,0,1,0,0,0,0,0,0,0,1,0,Medium
other,2474,0,1,0,0,0,0,0,0,0,0,0,0,0,1,1,0,0,0,Medium
jpg,1554,0,0,0,0,0,0,0,0,0,0,0,0,1,0,0,0,0,0,Low
xlsx,1644,0,0,0,0,0,0,0,0,0,0,0,0,0,0,0,0,0,0,Low
png,212,0,0,0,0,0,0,0,0,0,0,0,0,0,0,0,0,0,0,Low
txt,203,0,0,0,0,0,0,0,0,0,0,0,0,0,0,0,0,0,0,Low
log,8970,1,1,0,1,1,0,0,1,0,0,0,0,0,0,1,1,1,0,High
pdf,748,0,0,1,0,0,0,0,0,0,0,0,0,1,1,1,0,0,0,Medium
txt,864,0,0,0,0,0,0,1,0,0,0,0,0,0,0,0,0,0,0,Low
txt,1507,0,0,0,0,0,0,0,0,0,0,0,0,0,1,1,0,0,0,Medium
png,3664,0,0,0,0,0,0,0,0,0,0,0,1,1,0,1,0,0,0,Medium
docx,2792,0,0,0,0,0,0,0,0,0,0,0,0,0,0,0,1,0,0,Medium
jpg,64,0,0,0,0,0,0,0,0,0,0,0,1,0,0,0,0,0,0,Low
docx,9802,0,0,1,0,0,0,1,0,0,1,0,0,0,0,0,0,0,0,High
txt,470,0,0,0,1,0,0,0,0,0,0,0,0,0,0,1,0,0,0,Low
txt,1392,0,0,0,0,0,0,0,0,0,0,0,0,1,0,0,0,0,0,Low
pdf,5237,0,0,1,1,0,0,0,0,0,0,0,0,1,0,1,0,0,0,Medium
docx,6543,0,0,0,1,0,0,0,0,1,0,0,1,1,0,1,1,0,0,Medium
csv,7780,1,0,0,1,0,0,0,0,1,1,1,0,0,1,1,0,0,0,High
png,239,0,0,0,0,0,0,0,0,0,0,0,0,0,0,0,0,0,0,Low
other,1157,0,0,0,0,0,0,0,0,0,0,0,0,0,0,0,0,0,0,Low
png,2171,0,0,1,0,0,0,0,1,0,0,0,0,1,0,0,0,0,0,Medium
log,4526,1,1,0,0,1,0,0,1,0,0,1,1,0,0,0,1,1,0,High
pdf,6751,0,0,0,1,0,0,0,0,0,1,0,0,0,1,1,0,0,0,Medium
xlsx,6616,0,0,1,0,0,0,0,0,0,0,0,0,1,0,0,0,0,0,Medium
png,2155,0,0,1,0,0,0,0,0,0,0,0,0,0,1,0,1,0,0,Medium
other,4217,0,0,0,0,0,0,0,0,0,0,0,0,0,1,0,0,0,0,Medium
pdf,2905,0,0,0,0,0,0,0,1,0,0,0,0,0,0,0,1,0,0,Medium
json,3674,0,0,0,0,0,0,0,0,0,1,1,0,0,1,0,0,0,0,High
json,7547,0,1,1,0,0,0,0,1,0,1,0,0,0,1,0,0,0,1,High
jpg,614,0,0,0,0,0,0,0,0,0,0,0,0,0,0,0,0,0,0,Low
docx,5271,0,1,0,0,0,0,1,1,0,1,0,1,0,0,1,1,0,0,High
csv,1588,1,0,1,0,0,0,1,1,0,0,0,0,0,1,1,0,0,0,High
xlsx,1159,0,1,0,0,0,0,0,0,0,0,0,0,0,0,0,0,0,0,Low
jpg,6005,0,0,0,0,0,0,0,0,0,0,0,1,0,1,1,0,0,0,Medium
png,1845,0,0,1,1,0,0,1,0,0,0,0,0,1,0,0,0,1,0,Medium
txt,4696,1,1,1,1,0,0,0,1,0,1,0,0,0,0,0,0,1,0,High
docx,1088,0,0,0,0,0,0,0,0,0,0,0,1,1,0,0,0,0,0,Low
jpg,1451,0,0,0,0,0,0,0,0,0,0,0,0,0,0,0,0,0,0,Low
log,3724,0,0,0,1,1,1,0,0,1,0,1,0,1,0,0,0,0,0,High
xlsx,4584,0,0,0,1,0,0,0,0,0,0,0,1,1,0,1,1,0,0,Medium
other,1028,0,0,0,0,0,0,0,0,0,0,0,0,0,0,0,0,0,0,Low
log,3092,1,0,0,0,0,0,0,1,0,0,0,0,1,0,1,1,0,0,High
other,7463,0,1,0,0,0,1,0,0,1,1,0,0,0,0,0,1,0,0,High
txt,388,0,0,0,0,0,0,0,0,0,0,0,0,0,0,1,0,0,0,Low
other,3567,0,1,0,0,0,1,1,1,0,1,0,0,0,1,0,0,1,0,High
jpg,3429,0,0,1,0,0,0,0,0,0,0,0,1,1,0,0,0,0,0,Medium
jpg,6467,0,1,0,0,1,0,1,1,0,1,1,0,0,0,0,0,1,0,High
csv,6325,0,0,0,0,0,0,0,0,0,0,0,1,1,1,1,0,0,0,Medium
txt,92,0,0,0,0,0,0,0,0,0,0,0,0,1,0,0,0,0,0,Low
jpg,1021,0,0,0,0,0,0,0,0,0,0,0,0,1,0,0,0,0,0,Low
pdf,8928,0,0,0,0,1,0,0,1,0,0,0,0,0,0,0,0,1,0,High
xlsx,7864,0,1,0,0,1,0,0,1,0,0,0,0,0,0,0,0,0,0,High
xlsx,4687,1,1,0,0,0,0,1,0,0,0,0,0,0,0,0,0,1,1,High
pdf,4412,1,0,1,0,0,0,1,0,0,0,0,1,1,1,0,0,0,0,Medium
png,1220,0,0,0,0,0,0,0,0,0,0,0,0,1,0,0,0,0,0,Low
xlsx,111,0,0,0,0,0,0,0,0,0,0,0,0,0,0,0,0,0,0,Low
jpg,549,0,0,0,0,0,0,0,0,0,0,0,0,0,0,0,0,0,0,Low
other,772,0,0,0,0,0,0,0,0,0,0,0,0,0,0,1,0,0,0,Low
png,11176,0,0,0,0,0,0,0,0,0,1,0,1,0,0,0,1,0,0,High
csv,1520,0,0,0,0,0,0,0,0,0,0,0,1,0,1,1,0,0,0,Medium
docx,4365,1,0,0,1,0,0,0,0,0,0,0,1,0,0,0,0,0,1,High
txt,2897,0,0,1,0,0,0,0,0,0,0,0,0,1,1,0,1,0,0,Medium
json,7356,0,1,1,0,0,0,0,0,1,1,0,0,1,0,0,0,1,0,High
other,1987,0,0,0,0,0,0,0,0,0,0,0,0,0,0,0,0,0,1,Medium
txt,4206,0,1,0,0,0,0,0,1,0,1,0,0,0,0,0,0,1,1,High
docx,2905,0,0,1,1,0,0,0,0,0,0,0,1,0,0,0,0,0,0,Medium
txt,1255,0,0,0,0,0,0,0,0,0,0,0,0,0,0,0,0,0,0,Low
json,11904,0,1,1,0,0,0,1,1,1,0,0,0,0,0,0,0,0,1,High
jpg,1036,0,0,0,0,0,0,0,0,0,0,0,0,0,0,0,0,0,0,Low
csv,3756,0,0,0,0,0,0,0,0,0,0,0,0,0,0,0,0,0,0,Medium
png,1649,0,0,0,0,0,0,0,0,0,0,0,1,1,0,0,0,0,0,Medium
other,6272,0,0,1,0,1,0,0,0,0,1,0,0,0,1,1,1,0,0,Medium
txt,343,0,0,0,0,0,0,0,0,0,0,0,0,0,0,0,0,0,0,Low
docx,6831,0,1,0,0,1,0,0,0,0,1,0,0,0,0,1,0,1,0,High
jpg,1748,0,0,0,0,0,0,0,0,0,0,0,0,0,0,0,0,0,0,Low
log,10527,1,1,0,1,1,1,1,1,0,0,0,0,0,0,0,1,0,0,High
txt,11623,0,0,0,0,0,0,1,0,0,1,0,0,0,1,0,0,1,0,High
pdf,1367,1,1,0,1,0,0,1,1,0,1,0,1,0,1,0,0,0,0,High
xlsx,1141,0,0,0,0,0,0,0,0,0,0,0,0,0,0,0,0,0,0,Low
docx,1286,0,0,1,0,0,0,0,0,0,0,0,0,0,0,0,0,0,0,Low
jpg,906,0,0,0,0,0,0,0,0,0,0,0,0,0,0,0,0,0,0,Low
pdf,1346,0,0,0,0,0,0,0,0,0,0,0,0,0,0,0,0,0,0,Low
docx,2187,0,0,0,0,0,0,0,0,0,0,0,0,0,0,1,0,0,0,Medium
docx,6464,0,0,0,0,0,0,0,0,0,0,0,0,0,0,0,1,1,0,Medium
xlsx,5794,0,0,0,0,0,0,1,0,0,0,0,0,0,1,0,0,0,0,Medium
docx,1827,0,0,0,1,0,0,1,0,0,0,0,0,1,0,1,1,0,0,Medium
docx,4047,0,0,1,1,0,0,0,0,0,0,0,1,0,0,1,0,1,0,Medium
txt,979,0,0,1,1,0,0,0,0,0,0,0,0,1,0,0,0,0,0,Low
json,7625,0,1,0,1,0,0,0,0,1,0,0,0,0,1,0,0,0,0,High
pdf,145,0,0,0,0,0,0,0,0,0,0,0,0,0,0,0,0,0,0,Low
xlsx,1014,0,0,0,0,0,0,0,0,0,0,0,1,0,0,0,0,0,0,Low
txt,10373,0,0,1,0,1,0,0,1,0,1,0,0,1,0,1,0,0,1,High
png,412,0,0,0,0,0,0,0,0,0,0,0,0,0,0,0,0,0,0,Low
other,2804,1,0,0,1,1,0,1,0,0,0,1,1,1,0,0,0,0,0,High
docx,2871,0,0,0,0,0,0,0,0,0,0,0,1,1,0,1,1,0,0,Medium
txt,10352,0,1,0,1,1,0,0,1,0,0,0,0,0,0,1,0,0,1,High
xlsx,1233,0,0,0,0,0,0,0,0,0,0,0,0,1,1,1,1,0,0,Medium
jpg,678,0,0,0,0,0,0,0,0,0,0,0,0,0,0,1,0,0,0,Low
xlsx,5028,0,0,0,0,0,0,0,0,0,1,0,1,0,1,1,0,0,0,Medium
xlsx,420,0,0,0,0,0,0,0,0,0,0,0,0,0,0,0,0,0,0,Low
png,968,0,0,0,0,0,0,0,0,0,0,0,0,0,0,0,0,0,0,Low
docx,9241,0,0,0,0,0,0,1,1,0,0,0,1,0,0,1,0,0,1,High
xlsx,2675,0,0,1,0,0,1,1,0,0,0,0,1,0,0,0,0,1,0,High
jpg,564,0,0,0,0,0,0,0,0,0,0,0,0,0,0,0,0,0,0,Low
jpg,1847,1,0,0,1,0,0,0,0,0,0,0,0,1,0,0,1,0,0,Medium
jpg,1439,0,0,0,0,0,0,0,0,0,0,0,0,0,0,0,0,0,0,Low
docx,2397,0,1,0,0,0,0,0,0,0,0,0,0,0,1,1,0,0,0,Medium
xlsx,1684,0,0,0,0,0,0,0,0,0,0,0,0,0,0,0,0,0,0,Low
png,1583,0,0,0,0,0,0,0,0,0,0,0,0,1,0,0,0,0,0,Low
csv,5260,1,1,0,1,0,1,0,1,0,0,0,0,0,0,0,0,1,0,High
txt,3701,0,1,0,0,0,1,0,0,0,0,0,0,1,0,0,0,0,0,High
json,2431,1,1,1,0,0,0,0,0,0,0,0,0,0,0,1,0,0,1,High
docx,6816,1,0,1,0,0,0,0,0,0,0,0,0,1,0,1,0,0,0,Medium
docx,995,0,0,0,0,0,0,0,0,0,0,0,0,0,0,0,0,0,0,Low
png,1104,0,0,0,0,0,0,0,0,0,0,0,0,0,0,0,0,0,0,Low
jpg,779,0,0,0,0,0,0,0,0,0,0,0,0,0,0,0,0,0,0,Low
other,1328,0,0,1,0,0,0,0,0,0,0,0,1,0,0,0,0,0,0,Low
pdf,868,0,0,0,0,0,0,0,0,0,0,0,0,0,0,0,0,0,0,Low
other,199,0,0,0,1,0,0,1,1,0,0,0,0,1,0,0,1,0,0,Medium
pdf,2348,0,0,0,0,0,0,1,0,0,0,0,1,1,0,1,0,0,0,Medium
docx,3263,0,0,0,0,0,0,0,0,0,1,1,1,0,1,0,0,0,1,High
png,1122,0,0,0,0,0,0,0,0,0,0,0,0,0,0,0,0,0,0,Low
pdf,4368,0,0,0,0,0,0,0,0,0,0,0,1,1,0,1,0,0,0,Medium
jpg,1032,0,0,0,0,0,0,0,0,0,0,0,0,0,0,0,0,0,0,Low
docx,11823,1,0,1,1,0,0,0,0,0,0,0,0,0,0,1,0,0,0,High
png,1401,0,0,1,0,1,0,0,0,0,0,0,0,1,0,1,0,0,0,Medium
png,1584,0,0,0,0,0,0,0,0,0,0,0,0,0,0,1,0,0,0,Low
jpg,737,0,0,0,0,0,0,0,0,0,0,0,0,0,0,0,0,0,0,Low
log,1187,0,1,1,0,0,0,1,0,0,0,0,1,0,0,1,1,0,0,High
png,5334,0,1,1,1,0,0,0,0,0,0,1,0,0,0,1,0,0,0,High
docx,232,0,0,0,0,0,0,0,0,0,0,0,1,0,0,0,0,0,0,Low
pdf,645,0,0,0,0,0,0,0,0,0,0,0,0,0,0,0,0,0,0,Low
png,3238,0,0,1,0,0,1,0,1,0,0,0,0,0,1,1,0,0,0,High
png,9962,0,0,0,0,1,0,0,0,0,0,0,0,1,0,0,0,0,1,High
png,3508,0,0,1,0,0,0,0,0,0,0,0,0,1,1,1,0,0,0,Medium
pdf,1014,0,1,1,0,0,0,0,1,0,0,0,0,1,1,1,0,0,0,Medium
xlsx,4795,0,0,0,0,0,0,0,1,0,0,0,0,0,1,0,0,0,0,Medium
docx,1481,0,0,0,0,0,0,0,0,0,0,0,0,0,0,0,0,0,0,Low
jpg,5432,0,0,1,0,0,0,1,0,1,0,0,0,1,0,1,0,0,1,High
txt,467,0,0,0,0,0,0,0,0,1,0,0,0,0,1,1,0,0,0,Medium
jpg,1787,0,0,0,0,0,0,0,0,0,0,0,0,1,0,0,0,0,0,Low
jpg,3265,1,0,1,0,1,1,0,0,1,0,0,0,0,0,0,0,0,0,High
csv,1169,1,0,0,0,0,0,1,1,0,0,0,0,1,0,0,1,1,0,High
other,5072,0,0,0,1,0,1,0,1,0,0,0,0,0,0,0,0,1,1,High
png,680,0,0,0,0,0,0,0,0,0,0,0,0,1,0,0,0,0,0,Low
csv,11955,0,1,1,0,0,1,0,0,0,1,1,0,0,0,0,0,0,0,High
other,60,0,0,0,0,0,0,0,0,0,0,0,0,0,0,0,0,0,0,Low
xlsx,6216,0,0,1,1,0,0,0,0,0,0,0,0,0,1,1,1,0,0,Medium
txt,893,0,0,0,0,1,0,0,0,0,0,0,0,1,1,1,1,0,0,Medium
txt,191,0,0,0,0,0,0,0,0,0,0,0,0,0,0,0,0,0,0,Low
docx,8836,0,1,0,0,0,0,1,1,0,1,0,0,0,0,0,0,0,0,High
other,5702,1,0,0,1,0,0,0,0,0,0,0,0,0,0,0,0,1,0,Medium
jpg,300,0,0,0,0,0,0,0,1,0,0,0,0,1,0,0,0,0,0,Medium
xlsx,610,0,0,0,0,0,0,0,0,0,0,0,0,0,0,0,0,0,0,Low
jpg,743,0,0,0,1,0,0,0,0,0,0,0,0,0,1,0,0,0,0,Low
txt,1298,0,0,0,0,0,0,0,0,0,0,0,0,0,0,0,0,0,0,Low
docx,6652,0,0,0,0,0,0,0,0,0,0,0,1,1,1,1,0,0,0,Medium
png,2496,0,0,0,0,0,0,0,0,0,0,0,1,0,0,1,0,0,0,Medium
jpg,1465,0,0,0,0,0,0,0,0,0,0,0,0,0,0,0,0,0,0,Low
xlsx,6534,0,0,1,0,0,0,0,0,0,0,0,0,0,1,1,0,0,0,Medium
txt,5486,0,0,0,1,0,0,0,0,0,0,0,0,0,0,1,0,0,0,Medium
other,504,0,0,0,0,0,0,0,0,0,0,0,0,0,0,0,0,0,0,Low
docx,3736,0,0,1,0,0,0,0,0,0,0,0,0,0,0,1,0,0,0,Medium
txt,1137,0,0,0,0,0,0,0,0,0,0,0,0,1,1,0,0,0,0,Low
png,595,0,0,0,0,0,0,1,0,0,0,0,1,1,0,1,0,0,0,Medium
pdf,213,0,0,0,0,0,0,0,0,0,0,0,0,0,1,0,0,0,0,Low
pdf,6355,1,1,1,0,0,0,1,1,1,1,0,1,0,0,0,1,0,0,High
jpg,362,0,0,0,0,0,0,0,0,0,0,0,0,0,0,0,0,0,0,Low
other,448,0,0,0,0,0,0,0,0,0,0,0,0,0,1,0,0,0,0,Low
txt,1445,0,0,0,0,0,0,0,0,0,0,0,0,0,0,0,0,0,0,Low
png,1030,0,0,0,0,0,0,0,0,0,0,0,0,0,0,0,0,0,0,Low
xlsx,9811,0,0,0,1,0,0,1,0,0,1,0,0,0,0,0,0,1,1,High
xlsx,5983,1,0,0,0,0,1,1,1,0,0,1,0,1,0,0,0,0,1,High
other,6753,0,0,0,0,0,0,0,0,0,0,0,0,1,0,1,1,0,0,Medium
png,1799,0,0,0,0,0,0,0,0,0,0,0,0,0,0,0,0,0,0,Low
docx,504,0,0,0,0,0,0,0,0,0,0,0,0,0,0,0,0,0,0,Low
txt,319,0,0,0,0,0,0,0,0,0,0,0,0,0,0,0,0,0,0,Low
docx,344,0,0,0,0,0,0,0,0,0,0,0,0,0,0,0,0,0,0,Low
jpg,240,0,0,0,0,0,0,0,0,0,0,0,0,0,0,1,0,0,0,Low
jpg,1757,0,0,0,0,0,0,0,0,0,0,0,0,0,0,0,0,0,0,Low
png,317,0,0,0,0,0,0,0,0,0,0,0,0,0,0,0,0,0,0,Low
jpg,4203,0,0,0,0,0,0,0,0,0,0,0,1,1,1,1,1,0,0,Medium
csv,451,0,0,0,0,0,0,0,0,0,0,0,1,1,0,0,1,0,0,Medium
json,3150,0,0,0,0,0,1,0,0,0,0,0,1,1,0,1,0,0,0,High
csv,72,0,0,0,1,1,0,0,1,0,0,0,0,0,0,0,1,0,0,High
pdf,2205,0,1,0,0,0,0,0,0,0,0,0,0,0,0,1,1,1,0,Medium
other,4483,0,0,0,0,0,0,0,1,0,1,0,0,0,0,1,1,0,0,Medium
txt,1136,0,0,0,0,0,0,0,0,0,0,0,0,0,1,0,0,0,0,Low
log,456,1,0,1,0,1,0,1,1,0,1,0,0,0,0,0,0,1,0,High
docx,1039,0,0,0,0,0,0,0,0,0,0,0,0,1,1,1,0,0,0,Low
png,4091,0,0,1,0,0,0,0,0,0,0,0,1,1,1,0,1,0,0,Medium
png,1244,0,0,0,0,0,0,0,0,0,0,0,0,1,0,0,0,0,0,Low
txt,1079,0,0,0,0,0,0,0,0,0,0,0,0,0,0,1,0,0,0,Low
xlsx,918,0,0,0,0,0,0,0,0,0,0,0,0,0,0,0,0,0,0,Low
docx,786,0,0,0,1,0,0,0,0,0,0,0,0,0,0,0,0,0,0,Low
jpg,5357,0,1,0,0,0,0,0,1,1,0,1,1,0,0,0,0,0,0,High
docx,542,0,0,0,1,0,0,0,0,0,0,0,0,1,1,1,1,0,0,Medium
pdf,1405,0,0,1,0,0,0,0,0,0,0,0,0,0,0,0,0,0,0,Low
txt,5649,0,0,0,1,0,0,0,0,0,0,0,0,0,1,0,1,0,0,Medium
pdf,6862,0,1,0,0,1,1,0,1,1,0,1,0,0,0,0,1,0,1,High
other,8023,0,1,0,0,0,0,0,1,0,0,0,0,0,0,0,0,0,0,High
txt,6237,0,0,1,0,0,0,0,1,0,0,0,1,1,0,0,1,0,0,Medium
png,4083,0,0,0,0,0,0,0,0,0,1,0,0,1,0,0,0,0,0,Medium
txt,6227,0,1,1,0,0,0,0,1,0,1,1,0,0,0,0,1,1,0,High
jpg,1389,0,0,1,0,0,1,0,0,0,0,0,0,0,0,0,0,1,0,Medium
xlsx,787,0,0,0,0,0,0,0,0,0,0,0,0,0,0,0,0,0,0,Low
other,1776,0,0,0,0,0,0,0,0,0,0,0,0,0,0,1,0,0,0,Medium
xlsx,227,0,0,0,0,0,0,0,1,0,0,0,0,1,0,1,0,0,0,Medium
txt,726,0,0,0,0,0,0,0,0,0,0,0,0,0,0,0,0,0,0,Low
docx,2499,1,1,0,0,0,1,0,1,0,1,0,0,0,0,0,0,0,1,High
png,305,1,1,1,1,0,0,1,1,0,0,0,1,0,0,0,0,0,0,High
txt,221,0,0,0,0,0,0,0,0,0,0,0,0,1,0,0,0,0,0,Low
png,1304,0,0,0,0,0,0,0,0,0,0,0,0,0,0,1,0,0,0,Low
docx,55,0,0,0,0,0,0,0,0,0,0,0,0,1,1,0,0,0,0,Low
json,10476,0,0,1,0,1,0,0,0,0,1,0,0,0,0,0,0,0,0,High
pdf,223,0,0,0,0,0,0,0,0,0,0,0,0,0,0,0,0,0,0,Low
txt,1594,0,0,0,0,0,0,0,0,0,0,0,0,0,1,0,0,0,0,Low
xlsx,5820,0,1,0,0,0,0,0,1,0,0,0,0,0,0,0,0,0,0,Medium
jpg,11038,1,1,1,1,0,1,0,1,0,1,0,0,1,0,0,1,0,0,High
png,1694,0,0,0,0,0,0,0,0,0,0,0,0,0,0,0,0,0,0,Low
other,1555,0,0,0,0,0,0,0,0,0,0,0,0,1,0,0,0,0,0,Low
txt,6,0,0,0,0,0,0,0,0,0,0,0,0,0,0,0,0,0,0,Low
log,1172,1,0,0,0,0,0,0,1,0,0,0,0,0,1,1,0,0,0,High
pdf,5255,1,1,0,0,1,0,0,1,0,0,0,0,0,0,0,0,1,1,High
txt,1624,0,0,0,0,0,0,0,0,0,0,0,0,0,0,0,0,0,0,Low
jpg,2237,0,0,0,0,0,0,0,0,0,0,0,0,1,1,1,1,0,0,Medium
pdf,1436,0,0,0,0,0,0,0,0,0,0,0,0,0,0,1,0,0,0,Low
docx,2554,0,0,0,0,0,0,0,0,0,0,0,1,1,0,0,1,0,0,Medium
pdf,474,0,0,0,1,0,0,0,0,0,0,0,0,1,0,0,0,0,0,Low
txt,2696,0,0,0,0,0,0,0,0,0,0,0,1,0,0,1,0,0,0,Medium
txt,6448,0,0,0,0,0,0,1,0,0,0,0,0,0,0,0,1,1,1,High
jpg,1419,0,0,0,0,0,0,0,0,0,0,0,0,0,0,0,0,0,0,Low
docx,5132,1,1,0,0,0,0,1,1,1,0,0,0,1,0,0,0,0,0,High
docx,2582,1,0,1,1,0,0,0,1,0,0,1,1,0,1,0,0,1,1,High
pdf,2315,0,0,1,0,0,0,0,0,0,0,0,0,1,1,0,0,0,0,Medium
log,10934,1,0,1,0,0,0,0,1,0,1,0,1,0,0,0,1,0,0,High
csv,1985,0,0,1,0,0,0,0,0,1,0,0,0,0,0,1,0,0,0,High
docx,898,0,0,1,0,0,0,0,0,0,0,0,0,0,0,0,0,0,0,Low
docx,192,0,0,0,0,0,0,0,0,0,0,0,0,0,0,0,0,0,0,Low
txt,892,0,0,0,0,0,0,0,0,0,0,0,0,0,0,0,0,0,0,Low
png,10021,1,0,1,0,0,0,1,0,0,1,0,0,0,0,1,0,0,0,High
txt,390,0,1,0,0,1,0,1,1,0,0,0,0,0,0,1,0,0,1,High
png,209,0,0,0,0,0,0,0,1,0,0,0,0,0,0,0,0,0,0,Low
other,6455,1,1,1,1,1,1,0,0,0,0,1,0,0,0,1,0,0,1,High
txt,1032,0,0,0,0,0,0,1,0,0,0,0,1,1,1,0,0,0,0,Low
csv,1623,0,0,0,0,0,0,0,1,0,0,0,1,1,0,1,1,0,1,Medium
csv,4718,0,0,0,0,0,1,0,0,0,0,0,0,0,0,1,0,0,0,High
csv,11915,0,1,0,0,0,0,0,0,0,0,0,0,0,0,1,0,0,1,High
xlsx,793,0,0,0,0,0,0,0,0,0,0,0,0,0,0,1,0,0,0,Low
pdf,803,0,0,0,0,0,0,0,0,0,0,0,0,1,0,1,0,0,0,Medium
docx,7127,0,0,0,0,0,1,1,1,0,0,0,0,0,0,0,0,0,1,High
pdf,142,0,0,0,0,0,0,0,0,0,0,0,0,0,0,0,0,0,0,Low
jpg,1103,0,0,1,0,0,0,0,0,0,0,0,0,0,0,0,0,0,0,Low
csv,2818,0,0,0,0,0,0,0,0,0,1,0,0,0,0,0,0,1,1,High
xlsx,1921,0,0,0,1,0,0,1,0,0,0,0,0,1,0,1,0,0,0,Medium
txt,400,0,1,1,0,1,1,0,1,0,1,1,0,0,0,1,0,1,0,High
json,5493,0,0,0,1,1,0,0,0,0,0,0,0,0,0,0,0,0,0,High
xlsx,3828,0,0,0,1,0,0,0,0,0,0,0,1,1,1,1,1,0,0,Medium
pdf,3234,0,0,0,0,0,0,0,0,0,0,0,0,1,0,1,1,0,0,Medium
pdf,3512,0,0,1,0,0,0,1,0,0,0,0,0,0,1,0,0,0,0,Medium
png,910,0,0,1,0,0,0,0,1,0,0,0,1,0,0,1,0,0,0,Medium
csv,3955,0,1,0,0,0,0,0,0,0,0,0,0,1,1,1,0,0,0,Medium
json,2083,0,0,0,0,0,0,0,0,0,0,0,0,0,0,0,0,1,0,High
txt,569,1,0,0,0,0,0,0,0,0,0,0,1,0,0,0,1,0,0,Medium
jpg,7738,0,0,1,0,0,0,1,0,0,0,1,0,0,1,1,0,0,0,High
png,2633,1,0,1,0,0,0,1,1,0,1,0,0,0,0,0,1,0,1,High
png,14,0,0,0,0,0,0,0,0,0,0,0,0,0,0,1,0,0,0,Low
pdf,734,0,0,0,0,0,0,0,0,0,0,0,0,0,0,0,0,0,0,Low
xlsx,1597,0,0,1,1,0,0,0,0,1,0,0,0,0,0,1,0,0,0,Medium
other,557,0,0,0,0,0,0,0,0,0,0,0,0,1,1,0,1,0,0,Medium
jpg,551,0,0,0,0,0,0,0,0,0,0,0,0,0,1,0,0,0,0,Low
docx,3279,0,0,1,0,0,0,0,0,0,0,0,0,1,0,1,0,0,0,Medium
json,11915,0,0,0,1,1,0,1,0,0,0,0,0,0,0,0,1,0,0,High
png,1083,0,1,0,0,0,0,1,1,0,0,1,0,0,0,0,0,0,0,High
png,968,0,0,0,0,1,0,1,1,1,1,0,0,0,0,0,0,0,0,High
png,466,0,0,0,0,0,0,0,0,0,0,0,0,0,0,0,0,0,0,Low
xlsx,11340,0,1,0,1,0,1,1,1,0,1,0,0,0,1,0,0,0,0,High
xlsx,4224,1,0,1,0,0,1,1,1,0,1,0,0,0,0,1,0,0,1,High
docx,5928,0,0,0,0,0,0,0,0,0,0,0,0,0,0,1,0,0,0,Medium
other,734,0,0,0,0,0,0,0,0,0,0,0,1,1,0,1,1,0,0,Medium
pdf,988,0,0,0,0,0,0,0,0,0,0,0,0,0,0,0,0,0,0,Low
json,11170,1,0,0,1,0,0,1,1,0,1,0,0,0,0,1,0,0,0,High
xlsx,11396,0,0,1,0,0,0,0,1,1,1,0,1,0,0,1,1,0,0,High
docx,2128,0,1,0,0,0,1,1,1,0,1,0,0,0,0,0,0,0,0,High
jpg,2081,0,0,1,0,0,0,0,0,0,1,0,0,0,1,0,0,0,0,High
pdf,6808,0,0,0,0,0,0,0,0,0,0,0,0,0,0,1,1,0,0,Medium
txt,180,0,0,0,0,0,0,0,0,0,0,0,1,0,0,0,0,0,0,Low
png,69,0,0,0,0,0,0,0,0,0,0,0,1,0,0,0,0,0,0,Low
jpg,1839,1,1,0,1,0,0,1,0,0,0,0,1,0,0,0,0,1,0,High
png,6796,1,1,0,0,0,0,0,0,0,0,0,0,0,0,0,0,0,1,High
pdf,9668,0,0,0,0,1,0,0,0,1,0,0,0,0,1,0,0,0,0,High
other,5694,0,0,0,0,0,0,0,0,0,0,0,0,1,0,1,0,0,0,Medium
txt,643,0,0,0,0,0,0,0,1,0,0,0,0,0,1,0,1,0,0,Medium
jpg,1148,0,0,0,0,0,0,0,1,0,0,0,1,0,0,1,1,0,0,Medium
other,1596,0,0,1,0,0,0,0,0,0,0,0,0,0,1,0,0,0,0,Medium
pdf,3880,1,1,1,0,0,0,0,1,0,1,0,0,1,0,0,0,1,0,High
jpg,1401,0,0,0,0,0,0,0,0,0,0,0,0,0,0,0,0,0,0,Low
png,1532,0,0,0,0,0,0,0,0,0,0,0,0,1,0,0,0,0,0,Low
png,868,0,0,0,0,0,0,1,0,1,0,0,1,0,0,1,0,0,0,High
pdf,701,0,0,0,0,0,0,0,0,0,0,0,0,0,0,0,0,0,0,Low
xlsx,11764,1,1,0,0,1,0,0,1,0,1,0,0,0,0,1,0,0,0,High
png,1639,0,0,0,0,0,0,1,0,0,0,0,0,0,0,0,0,0,0,Low
pdf,2484,0,0,0,0,0,0,0,0,0,0,0,0,0,0,1,0,0,0,Medium
log,3896,0,1,0,1,0,0,1,1,1,1,0,1,0,0,0,0,0,0,High
other,7368,1,1,0,0,0,0,1,1,0,1,1,0,0,0,0,1,0,0,High
csv,1698,1,0,0,0,0,1,1,1,1,0,1,0,0,0,0,0,0,0,High
docx,3242,0,0,0,1,0,0,0,0,0,0,0,0,1,0,0,0,0,0,Medium
csv,1457,0,1,1,0,0,0,0,1,1,1,0,1,0,0,0,0,0,1,High
xlsx,9298,1,0,0,1,1,0,0,1,0,0,0,0,1,0,0,0,0,0,High
other,8535,1,0,0,0,0,1,0,0,0,0,0,0,0,0,1,0,0,1,High
csv,933,0,0,0,1,0,0,0,0,0,0,0,0,0,0,0,0,0,0,Medium
other,334,0,0,0,0,0,0,0,0,0,0,0,0,0,0,0,0,0,0,Low
txt,2190,1,0,0,0,0,0,0,0,0,0,0,0,0,0,0,0,0,0,High
xlsx,6596,0,0,0,0,0,0,0,0,0,0,0,0,1,0,1,1,0,0,Medium
log,3939,1,0,0,0,1,0,1,0,1,0,0,1,0,0,1,0,1,0,High
png,910,0,0,0,0,0,0,0,0,0,0,0,0,0,0,0,0,0,0,Low
csv,4021,0,0,0,1,1,0,0,0,0,1,0,1,0,0,1,0,0,0,High
jpg,1586,0,0,0,0,0,0,0,1,1,0,1,0,0,0,0,0,0,0,High
docx,37,0,0,0,0,0,0,0,0,0,0,0,0,0,0,0,0,0,0,Low
json,3973,1,1,0,0,0,0,0,0,0,0,0,0,1,1,1,0,0,0,High
docx,8177,0,1,0,1,1,0,0,1,0,1,0,0,0,0,0,0,0,0,High
png,4147,0,1,0,1,0,1,0,0,1,1,0,1,0,0,0,0,0,1,High
json,10499,0,0,0,0,1,0,1,1,1,0,0,1,0,0,0,0,0,0,High
other,9422,1,0,1,0,0,1,0,1,1,0,0,0,0,0,0,0,0,0,High
csv,2447,0,0,1,1,0,0,0,0,0,0,0,1,0,0,1,0,0,0,Medium
log,7492,1,1,0,0,0,0,1,1,1,0,1,0,0,0,0,1,1,1,High
xlsx,7052,0,0,0,0,0,0,1,1,1,0,0,0,0,0,0,1,0,0,High
other,1780,0,0,0,0,0,0,0,0,0,0,0,0,1,0,0,0,0,0,Low
jpg,2034,0,1,0,1,0,0,1,0,0,0,0,1,0,0,0,0,0,0,High
txt,4222,0,1,0,0,1,0,0,0,0,0,0,1,0,0,0,0,1,1,High
docx,6768,0,0,1,1,0,0,0,1,0,0,1,0,1,0,0,0,1,1,High
jpg,5019,0,0,0,0,0,0,0,0,0,0,0,0,1,0,1,0,0,0,Medium
txt,1467,0,0,0,0,0,0,0,0,0,0,0,0,0,0,0,1,0,0,Low
docx,3548,0,0,0,0,0,0,0,0,0,0,0,1,0,1,0,1,0,0,Medium
png,214,0,0,1,0,0,0,0,0,0,0,0,0,0,0,0,0,0,0,Low
docx,4261,0,0,0,0,0,0,1,0,0,0,0,1,1,1,1,0,0,0,Medium
docx,200,0,0,0,0,0,0,0,0,0,0,0,0,0,1,0,0,0,0,Medium
png,253,0,0,0,0,0,0,0,0,0,0,0,0,1,0,0,0,0,0,Low
jpg,1252,0,0,0,0,0,0,0,0,0,0,0,0,0,0,0,0,0,0,Low
xlsx,8711,1,0,0,1,0,0,0,1,0,1,0,0,1,0,0,0,0,0,High
pdf,2231,0,0,1,0,0,0,0,0,0,0,0,1,1,0,0,0,0,1,Medium
txt,4997,0,0,1,0,0,0,1,1,0,0,0,1,1,1,1,0,0,0,Medium
docx,6912,0,0,0,0,0,0,1,1,1,0,0,0,1,0,0,0,0,0,High
xlsx,6482,0,0,0,0,0,0,0,0,0,0,0,1,1,1,1,0,0,0,Medium
png,619,0,0,0,0,0,0,0,0,0,0,0,0,0,0,0,0,0,0,Low
pdf,1110,0,0,1,0,0,0,0,0,0,0,0,0,1,1,0,0,0,0,Medium
xlsx,2742,1,0,0,1,1,1,1,0,0,0,0,0,0,0,0,1,0,1,High
docx,2237,0,0,1,0,0,0,1,1,0,0,0,0,1,0,1,0,0,0,Medium
docx,2471,0,0,0,0,0,0,0,0,0,0,0,1,0,0,0,0,0,0,Medium
docx,1582,0,0,0,0,0,0,0,0,0,0,0,0,0,0,0,0,0,0,Low
xlsx,9668,0,1,0,0,0,0,0,1,0,1,0,0,0,0,0,0,0,0,High
txt,5614,0,0,0,0,1,0,0,0,0,0,0,0,0,0,0,0,1,0,High
docx,3802,0,0,1,0,0,1,0,0,0,0,0,0,0,0,1,1,0,0,Medium
json,1455,0,0,0,0,1,0,1,1,0,0,0,0,0,0,0,0,0,0,High
png,1095,0,0,0,0,0,0,0,0,0,0,0,0,0,0,0,0,0,0,Low
txt,760,0,0,0,0,0,0,0,0,0,0,0,0,0,0,1,0,0,0,Low
png,449,0,0,1,0,0,0,0,0,0,0,0,0,0,0,1,0,0,0,Low
csv,6773,0,1,1,1,1,0,0,1,0,0,0,1,0,0,0,0,0,0,High
txt,1105,0,0,0,0,0,0,0,0,0,0,0,0,0,1,0,0,0,0,Low
xlsx,1067,0,0,0,0,0,0,0,0,0,0,0,0,0,0,1,0,0,0,Low
png,1635,0,0,1,0,0,0,0,0,0,0,0,0,0,0,0,0,0,0,Low
pdf,5655,0,0,1,1,1,0,0,1,0,1,0,1,0,0,0,0,0,0,High
txt,904,0,0,0,1,0,0,0,0,0,0,0,1,0,0,0,0,0,0,Low
xlsx,635,0,0,0,0,0,0,0,0,0,0,0,0,0,0,0,0,0,0,Low
other,6491,0,0,0,0,0,0,0,1,0,0,0,0,1,0,0,1,0,0,Medium
png,376,1,0,0,0,0,0,1,0,0,0,0,0,0,0,1,0,0,0,Medium
png,1566,0,0,0,0,0,0,0,0,0,0,0,0,1,0,0,0,0,0,Low
docx,1358,0,0,0,0,0,0,0,0,0,0,0,0,0,0,0,0,0,0,Low
json,7416,0,0,1,0,1,1,0,0,0,0,0,0,0,0,0,0,1,0,High
jpg,953,0,0,1,0,0,0,0,0,0,0,0,0,1,0,0,0,0,0,Low
xlsx,5455,0,0,1,1,0,0,0,0,0,0,0,0,1,0,0,0,0,0,Medium
docx,1518,0,0,0,0,0,0,0,0,0,0,0,0,0,0,0,0,0,0,Low
xlsx,2477,0,0,0,0,0,0,0,0,0,0,0,1,0,0,1,1,0,0,Medium
log,11501,1,0,0,0,0,0,0,0,0,0,0,0,1,0,1,0,1,0,High
xlsx,6438,0,0,0,1,0,0,0,0,0,0,0,0,0,0,1,0,0,0,Medium
pdf,1276,0,0,1,0,0,0,1,0,0,0,0,0,1,1,1,0,0,1,Medium
other,257,0,0,0,1,0,0,0,0,0,0,0,0,0,0,0,0,0,0,Low
xlsx,771,0,0,0,0,0,0,0,1,0,0,0,0,0,0,0,0,0,0,Low
png,1013,1,1,0,0,1,1,0,0,0,0,0,1,1,0,1,0,0,1,High
jpg,39,0,1,0,0,0,0,0,1,0,0,1,1,0,0,0,0,0,0,High
jpg,153,0,0,0,0,0,0,0,0,0,0,0,0,0,0,0,0,0,0,Low
csv,8920,0,0,0,1,0,0,1,1,0,1,0,0,1,0,1,0,0,0,High
png,739,0,0,0,0,0,0,0,0,0,0,0,0,0,0,0,0,0,0,Low
docx,5386,0,0,0,0,0,0,0,0,0,0,0,0,0,0,1,0,0,0,Medium
jpg,11585,1,1,1,0,0,0,0,1,1,1,0,0,0,0,0,0,1,0,High
jpg,758,0,0,0,0,0,0,0,0,0,0,0,0,0,0,0,0,0,0,Low
txt,1485,0,0,0,0,0,0,0,0,0,0,0,0,0,0,0,1,0,0,Low
docx,3711,0,1,1,0,0,0,0,0,0,0,0,1,0,0,0,0,0,1,High
docx,1780,0,0,0,0,0,0,0,0,0,0,0,0,0,0,0,0,0,0,Low
pdf,4530,0,0,1,0,0,0,0,0,0,0,0,0,1,0,1,1,0,0,Medium
png,554,0,0,1,0,0,0,0,0,0,0,0,0,1,0,0,0,0,0,Low
docx,2080,0,0,1,1,0,0,0,0,0,1,0,0,1,1,1,0,0,0,Medium
txt,3400,0,0,0,0,0,0,0,0,0,0,0,0,0,0,1,1,0,0,Medium
xlsx,1463,0,0,0,0,0,0,0,0,0,0,0,0,1,0,0,0,0,0,Low
jpg,7179,0,1,1,0,1,0,0,0,0,0,0,1,0,0,0,0,0,0,High
csv,5675,0,0,0,1,0,0,0,0,0,0,0,1,1,1,0,1,0,0,Medium
pdf,503,0,0,0,0,0,0,0,0,0,0,0,1,0,0,1,0,0,1,High
other,1644,0,0,0,0,0,0,0,0,0,0,0,0,1,0,0,0,0,0,Low
txt,931,0,0,0,0,0,0,0,0,0,0,0,0,0,1,0,0,0,0,Low
csv,1303,0,1,1,0,0,1,0,1,0,0,1,1,0,0,0,0,0,0,High
csv,6910,1,0,1,0,0,0,0,0,1,0,0,0,0,0,0,0,0,0,High
xlsx,9846,0,1,1,0,0,0,1,1,0,1,0,0,0,0,0,0,0,0,High
txt,2987,0,0,1,0,0,0,0,0,0,0,0,1,0,0,1,0,0,0,Medium
jpg,1384,0,0,0,0,0,0,0,0,0,0,0,0,0,0,0,0,0,0,Low
txt,480,0,0,1,0,0,0,0,0,0,0,0,0,0,0,1,1,0,0,Medium
txt,6089,0,0,0,0,0,0,0,0,0,0,0,0,1,1,0,1,0,0,Medium
xlsx,3954,0,1,0,0,0,0,0,0,0,1,0,0,0,0,1,1,1,0,Medium
xlsx,4521,0,0,0,0,0,0,0,1,0,0,1,0,0,0,0,0,0,1,High
png,4133,0,0,0,0,0,0,0,1,0,0,0,0,1,0,0,0,0,0,Medium
pdf,1173,0,0,0,0,0,0,0,0,0,0,0,0,0,0,0,0,0,0,Low
docx,1676,0,0,0,0,0,0,0,1,0,0,0,0,0,0,1,0,0,0,Low
docx,62,0,0,0,0,0,0,0,0,0,0,0,0,0,1,0,0,0,0,Low
docx,4466,0,0,1,0,0,0,0,1,0,0,0,1,1,0,0,0,0,0,Medium
log,11389,0,1,1,0,0,0,0,1,0,1,1,0,1,0,1,1,0,0,High
xlsx,8786,0,0,1,0,1,0,0,0,0,1,0,0,0,0,0,0,0,0,High
jpg,1171,0,0,0,0,0,0,0,0,0,0,0,0,0,1,0,0,0,0,Low
xlsx,5664,0,0,1,0,0,0,0,0,0,0,0,0,1,0,1,0,0,1,Medium
txt,1514,0,0,1,0,0,0,1,0,1,0,0,0,0,0,1,0,0,1,High
png,1079,0,0,0,0,0,0,0,0,0,0,0,0,0,0,0,0,0,0,Low
txt,1673,0,0,0,0,0,0,0,0,0,0,0,0,0,0,0,0,0,0,Low
docx,2699,0,0,0,1,0,0,0,0,0,0,0,0,1,1,0,0,0,0,Medium
png,2040,0,1,0,0,0,0,0,0,0,0,0,0,1,0,0,0,0,0,Medium
xlsx,8457,0,0,1,1,0,0,0,0,0,1,0,1,0,0,0,0,0,1,High
docx,1790,0,0,0,0,0,0,1,0,0,0,0,0,0,0,1,0,0,0,Medium
png,7173,0,0,1,0,0,0,1,1,0,0,1,0,0,0,0,1,0,1,High
docx,1523,0,0,0,1,0,0,0,1,0,0,0,0,0,0,1,0,0,1,Medium
docx,11703,0,1,1,0,1,1,0,1,0,0,0,0,0,1,0,0,0,0,High
jpg,195,0,0,0,0,0,0,0,0,0,0,0,0,0,0,0,0,0,0,Low
txt,6135,0,0,1,0,0,1,0,1,0,1,1,1,0,0,1,1,0,1,High
other,3225,0,0,0,0,1,0,0,1,0,0,0,0,0,0,0,0,0,0,Medium
docx,787,0,0,0,0,0,0,0,0,0,0,0,0,1,0,0,0,0,0,Low
jpg,2326,1,0,1,0,1,0,0,0,0,0,0,0,1,1,1,1,0,0,Medium
other,110,0,0,0,0,0,0,0,0,0,0,0,1,0,0,0,0,0,0,Low
pdf,748,1,0,0,0,0,0,0,0,0,0,0,0,0,0,0,0,0,0,High
other,1175,0,0,0,0,0,0,0,0,0,0,0,0,0,0,0,0,0,0,Low
other,6094,0,0,1,1,0,1,0,0,0,0,0,1,1,0,0,0,1,0,Medium
json,3905,1,1,1,0,0,0,0,1,0,1,1,0,0,0,0,0,0,1,High
other,127,0,0,0,0,0,0,0,0,0,0,0,0,0,0,0,0,0,0,Low
csv,9911,0,0,0,0,0,0,1,0,1,1,0,1,0,0,0,0,0,0,High
other,10639,0,0,0,0,1,1,1,1,1,1,0,0,1,0,0,0,1,0,High
pdf,4875,0,0,1,0,0,0,1,0,0,0,0,1,0,0,0,0,0,0,Medium
other,1510,0,0,0,0,0,0,0,0,0,0,0,0,0,0,0,0,0,0,Low
pdf,3110,0,0,1,1,0,0,0,0,0,0,0,0,1,1,1,0,0,0,Medium
jpg,3298,0,0,0,0,0,0,0,0,1,0,0,0,0,0,0,0,0,0,Medium
txt,1553,0,0,0,0,0,0,0,0,0,0,0,0,0,0,0,0,0,0,Low
docx,1180,0,0,0,0,0,0,0,0,0,0,0,0,0,1,0,0,0,0,Low
png,1113,0,0,0,0,0,0,0,0,0,0,0,0,0,0,0,0,0,0,Low
pdf,4138,0,0,0,0,0,0,0,0,0,0,0,1,0,0,0,0,0,0,Medium
png,2810,0,0,0,1,0,0,0,0,0,0,0,1,0,0,0,0,0,0,Medium
png,4772,0,1,0,0,0,0,0,1,0,0,0,1,0,0,0,1,0,0,Medium
png,1112,0,0,0,0,0,0,0,0,0,0,0,0,0,0,0,0,0,0,Low
pdf,2983,0,0,1,0,0,0,0,0,0,0,0,1,0,1,1,1,0,0,Medium
png,5004,0,0,0,0,0,0,0,0,0,0,0,0,1,0,0,0,0,0,Medium
png,54,0,0,0,0,0,0,0,0,0,0,0,0,0,0,0,0,0,0,Low
docx,67,0,0,0,0,0,0,0,0,0,0,0,0,1,0,0,0,0,0,Low
jpg,1096,1,1,0,0,0,0,1,1,0,0,1,0,0,0,0,0,0,0,High
xlsx,1763,0,0,0,0,0,0,0,0,0,0,0,0,0,0,0,0,0,0,Low
pdf,452,0,0,0,0,0,0,0,0,0,0,0,0,0,0,0,0,0,0,Low
json,3271,0,1,1,0,0,1,1,0,0,0,1,0,0,0,0,0,0,0,High
pdf,1302,0,0,0,0,0,0,0,0,0,0,0,0,0,0,1,0,0,0,Low
jpg,2574,1,0,1,0,0,0,0,1,0,0,0,0,0,1,1,0,0,0,Medium
jpg,7923,1,1,0,0,0,0,1,1,0,0,0,0,0,0,0,0,0,1,High
jpg,518,0,0,0,0,0,0,0,0,0,0,0,0,0,0,1,0,0,0,Low
docx,6016,0,0,0,0,0,0,1,0,0,0,0,0,0,0,1,1,0,1,Medium
other,2210,0,0,0,0,0,1,1,0,1,0,1,1,0,0,1,0,0,0,High
json,3149,0,1,1,0,0,1,0,0,1,0,0,1,0,0,1,0,0,0,High
xlsx,3704,0,0,0,0,0,0,0,0,0,0,0,0,1,0,0,0,0,0,Medium
txt,1411,0,0,0,0,0,0,0,0,0,0,0,0,0,1,0,0,0,0,Low
png,470,0,0,1,0,0,0,0,0,0,0,0,0,0,0,0,0,0,0,Low
json,5535,0,0,0,1,0,0,0,0,0,1,0,0,0,1,1,0,1,1,High
png,5922,0,1,1,0,0,1,0,0,1,0,0,0,1,0,0,0,0,0,High
pdf,6008,0,0,1,0,0,0,0,0,0,0,0,1,1,1,0,1,0,0,Medium
json,2664,1,1,0,0,0,0,1,0,1,1,0,0,0,0,0,0,1,1,High
png,11857,1,0,0,0,0,1,1,1,1,1,0,0,1,0,0,0,0,0,High
txt,154,0,0,0,1,0,0,0,0,0,0,0,1,1,0,1,0,0,0,Medium
png,1650,0,0,1,0,0,0,0,0,0,0,0,0,0,0,0,0,0,0,Low
xlsx,225,0,0,0,0,0,0,0,0,0,0,0,0,0,0,0,0,0,0,Low
docx,5706,0,0,1,0,0,0,0,0,0,0,0,1,0,0,0,0,1,0,Medium
jpg,2953,0,0,1,0,1,0,0,0,0,0,0,1,0,0,0,0,1,0,High
jpg,2672,0,0,0,1,0,0,0,0,0,0,0,1,0,1,0,1,0,0,Medium
jpg,964,0,0,1,1,0,0,0,0,0,0,0,0,0,0,0,0,0,0,Low
xlsx,1626,0,0,0,0,0,0,0,0,0,0,0,0,1,0,1,0,0,0,Low
jpg,5959,0,0,1,0,0,0,0,0,0,0,0,0,1,1,0,0,0,0,Medium
docx,405,0,0,0,0,0,0,0,0,0,0,0,0,0,0,0,0,0,0,Low
txt,3335,0,0,1,0,0,0,0,0,0,0,0,0,1,1,1,0,0,0,Medium
log,4045,0,1,0,0,0,1,1,1,1,1,0,1,0,0,1,0,0,0,High
log,4726,0,0,0,0,0,1,0,1,1,0,0,0,0,0,1,1,1,0,High
jpg,1535,0,0,0,0,0,0,0,0,0,0,0,0,0,0,1,0,0,0,Low
csv,6891,0,0,0,0,1,1,0,0,0,0,0,0,0,0,0,0,1,0,High
csv,11420,0,1,0,1,0,0,1,1,1,0,0,0,0,0,0,0,1,0,High
csv,882,0,0,0,1,0,0,0,0,0,0,0,0,1,0,0,0,1,0,Medium
txt,2963,0,0,0,0,0,0,0,0,0,0,0,0,1,1,0,1,0,0,Medium
png,803,0,1,1,0,0,0,0,1,1,0,0,0,0,0,0,0,0,0,High
docx,5546,0,1,1,0,0,0,0,0,0,0,0,1,0,1,1,0,0,0,Medium
xlsx,861,0,0,0,0,0,0,0,0,0,0,0,0,1,0,0,0,0,0,Low
docx,11458,1,0,0,0,1,1,1,1,0,1,0,0,0,0,0,0,0,0,High
txt,4247,0,0,1,0,0,0,0,0,0,0,0,0,1,0,1,0,0,0,Medium
png,844,0,0,0,1,0,0,1,0,0,0,0,1,0,0,1,0,0,0,Low
jpg,794,0,0,0,0,0,0,0,0,0,0,0,0,1,0,0,0,0,0,Medium
log,4420,0,1,0,1,0,1,1,1,0,0,0,1,0,0,0,0,1,0,High
json,7732,0,0,0,0,0,0,0,1,1,1,0,0,0,0,1,1,0,1,High
other,751,0,0,0,0,0,0,0,0,0,0,0,0,0,0,0,0,0,0,Low
docx,1417,0,0,0,0,0,0,0,0,0,0,0,1,0,0,0,0,0,0,Low
xlsx,3066,0,0,1,1,1,0,0,1,0,1,1,1,0,0,0,1,0,0,High
png,7396,1,0,1,0,0,0,0,1,0,0,1,0,1,0,0,0,0,0,High
png,1354,0,0,0,0,0,0,0,0,0,0,0,0,0,0,0,0,0,0,Low
png,6301,0,0,1,0,0,0,0,0,0,0,0,0,1,1,0,0,0,0,Medium
txt,6726,0,0,0,0,0,0,0,0,0,0,1,1,0,0,0,0,0,0,Medium
log,5584,1,0,1,0,1,0,0,1,0,0,1,0,0,0,0,1,0,0,High
other,986,0,0,0,0,0,0,0,0,0,0,0,0,0,0,0,0,0,0,Low
json,8384,0,0,1,0,1,0,0,0,0,0,0,0,0,0,1,0,0,1,High
txt,86,0,0,0,0,0,0,0,0,0,0,0,0,0,0,0,0,0,0,Low
jpg,967,0,0,0,0,0,0,0,0,0,0,0,0,1,0,0,1,0,0,Low
txt,1015,0,0,0,0,0,0,0,0,0,0,0,1,0,0,0,0,0,0,Low
docx,1302,0,0,0,1,0,0,0,0,0,0,0,0,1,1,0,0,0,0,Medium
txt,2857,0,0,1,0,1,0,0,0,0,0,0,1,0,1,1,0,0,0,Medium
xlsx,683,0,0,0,1,0,0,0,0,0,0,0,0,0,0,1,0,0,0,Low
docx,5859,1,0,0,0,0,0,0,1,0,0,0,1,0,1,1,0,0,0,Medium
jpg,4085,0,0,1,0,0,0,0,0,0,0,0,1,1,0,1,0,0,0,Medium
pdf,657,0,1,0,0,0,0,0,0,0,0,0,0,1,0,0,0,0,0,Low
docx,524,0,0,0,0,0,0,0,0,0,0,0,0,0,0,0,0,0,0,Low
csv,4199,0,0,0,0,0,0,0,0,0,0,0,1,1,1,1,0,0,0,Medium
png,51,0,0,0,0,0,0,0,0,0,0,0,0,0,0,0,0,0,0,Low
other,1832,0,0,1,0,0,0,1,0,0,0,1,0,0,0,0,0,0,0,High
log,4416,1,1,0,0,1,1,1,0,0,0,0,0,0,0,0,0,0,0,High
jpg,785,0,0,1,0,0,0,0,0,0,0,0,0,0,0,0,0,0,0,Low
txt,1378,0,0,0,0,0,0,0,0,0,0,0,0,0,0,0,0,0,0,Low
pdf,871,0,0,0,0,0,0,0,0,0,0,0,0,0,1,0,0,0,0,Low
docx,9600,1,0,0,0,0,1,1,1,0,0,0,1,0,0,1,0,0,0,High
xlsx,3762,0,0,0,0,0,0,0,1,0,0,0,0,0,0,0,1,0,0,Medium
png,1409,0,0,0,0,0,0,0,0,0,0,0,0,0,0,0,0,0,0,Low
other,1404,0,1,0,0,0,0,0,0,0,0,0,0,0,0,0,0,0,0,Low
png,8043,0,1,1,0,0,0,0,0,0,0,0,0,0,0,0,0,0,0,High
jpg,382,0,0,0,0,0,0,0,0,0,0,0,0,0,0,0,0,0,0,Low
other,5958,0,0,0,0,0,0,0,1,0,0,0,1,1,0,1,0,0,0,Medium
png,4006,0,0,0,0,0,0,0,0,0,0,0,1,1,0,0,1,0,0,Medium
png,1553,0,0,0,0,0,0,0,0,0,0,0,0,0,0,0,0,0,0,Low
csv,9356,1,1,0,0,0,0,0,1,0,1,0,0,0,0,0,0,0,0,High
png,5573,0,0,0,0,0,0,0,1,0,0,0,0,1,1,1,0,0,0,Medium
docx,10760,0,1,0,0,0,0,1,0,0,0,1,0,0,0,0,0,0,0,High
xlsx,855,0,0,1,0,0,0,0,0,0,0,0,0,0,0,1,0,0,0,Low
other,861,0,0,0,0,0,0,0,0,0,0,0,0,0,0,0,0,0,0,Low
json,5974,1,1,0,1,0,1,1,0,0,0,0,1,0,0,0,0,1,0,High
png,5690,1,1,0,0,1,1,0,0,1,0,0,0,1,0,0,0,0,0,High
docx,4851,0,0,0,0,0,0,0,0,0,0,0,1,1,0,1,0,0,0,Medium
csv,1778,0,0,1,0,1,0,1,1,0,0,0,0,0,0,1,0,0,1,High
pdf,11367,1,0,0,0,1,0,1,1,0,1,0,0,0,0,1,0,1,0,High
jpg,1369,0,0,0,0,0,0,0,0,0,0,0,0,0,0,0,0,0,0,Low
txt,1276,0,0,0,0,0,0,0,0,0,0,0,0,0,0,0,0,0,0,Low
jpg,150,0,0,0,1,0,0,0,1,1,0,0,1,0,0,0,0,0,0,Medium
jpg,2983,0,1,0,0,0,0,0,0,0,0,0,1,0,0,1,0,0,0,Medium
json,10825,1,0,1,1,1,0,0,0,0,0,0,0,0,0,0,0,1,0,High
docx,5527,0,0,0,0,1,0,0,0,0,0,0,1,1,0,1,0,0,0,Medium
png,11956,0,0,1,0,0,0,1,1,1,0,0,0,0,0,0,0,0,1,High
other,3252,0,0,0,1,0,0,0,0,0,0,0,0,0,1,1,1,0,0,Medium
pdf,8933,0,0,0,1,0,1,0,0,0,0,0,0,1,0,0,0,0,0,High
txt,1772,0,0,0,0,0,0,0,0,0,0,0,0,0,0,0,0,0,0,Low
docx,308,0,0,0,0,0,0,0,0,0,0,0,0,0,0,0,0,0,0,Low
jpg,1756,0,0,0,0,0,0,0,0,0,0,0,0,0,0,0,0,0,0,Low
other,5251,0,0,1,1,0,0,0,1,0,0,0,1,1,1,1,0,0,0,Medium
pdf,1220,0,0,1,1,0,0,0,0,0,0,0,0,0,0,1,0,0,0,Medium
csv,6486,0,0,1,0,1,0,0,0,0,1,1,1,0,0,0,0,0,0,High
docx,8810,0,0,0,0,0,0,1,1,0,1,1,1,0,0,1,0,0,1,High
jpg,3448,1,0,0,0,1,0,1,0,1,1,0,1,0,0,0,0,0,0,High
jpg,3135,1,1,0,1,0,1,0,1,0,1,0,1,0,0,0,0,1,1,High
docx,3545,0,0,0,0,0,0,0,0,0,0,0,0,1,0,1,0,0,1,Medium
docx,1547,0,0,0,1,0,0,0,1,0,0,0,1,1,0,0,1,1,0,Medium
png,6812,0,0,0,0,0,0,0,0,0,0,0,0,0,0,1,1,0,0,Medium
other,6417,0,1,0,1,1,0,0,1,0,1,0,1,0,0,0,1,0,0,High
jpg,1056,0,0,0,0,0,0,0,0,0,0,0,1,0,0,0,0,0,0,Low
txt,1703,0,0,0,0,0,0,0,0,0,0,0,0,1,0,0,0,0,0,Low
docx,1117,0,0,1,0,0,0,1,0,0,0,0,0,0,1,1,0,0,0,Medium
xlsx,3865,0,0,1,1,0,0,0,0,0,0,0,0,0,0,1,0,0,0,Medium
pdf,7467,1,0,0,1,0,0,0,0,0,0,0,1,0,0,0,0,1,0,High
xlsx,5286,0,0,0,1,0,0,1,0,0,0,0,1,1,0,0,0,1,0,Medium
log,2888,0,1,1,1,0,0,0,0,0,0,0,0,1,0,0,0,0,0,High
other,5578,0,0,1,0,0,0,0,0,0,0,0,0,0,0,0,0,0,0,Medium
pdf,2131,0,0,0,0,0,0,0,0,0,0,0,0,0,0,0,0,0,0,Medium
txt,448,0,0,0,0,0,0,0,0,0,0,0,0,0,0,0,0,0,0,Low
csv,4794,0,1,1,0,0,0,1,0,0,0,0,0,1,0,0,0,1,0,High
png,536,0,0,0,0,0,0,0,0,0,0,0,0,1,0,0,0,0,0,Low
png,10377,0,1,1,0,0,0,0,1,0,1,0,0,0,0,0,0,0,0,High
jpg,1520,0,0,0,0,0,0,0,0,0,0,0,0,0,1,0,0,0,0,Low
txt,1579,0,0,0,0,0,0,0,0,0,0,0,0,0,0,0,0,0,0,Low
jpg,90,0,0,0,0,0,0,0,0,0,0,0,0,0,0,0,0,0,0,Low
xlsx,2716,0,0,0,0,0,0,0,0,0,0,0,0,0,1,0,0,0,0,Medium
log,10927,0,1,0,0,0,0,1,1,1,1,0,0,0,0,0,0,1,0,High
pdf,6625,0,0,1,1,0,0,0,0,0,0,0,1,0,1,0,0,0,0,Medium
xlsx,176,0,0,0,0,0,0,0,0,0,0,0,0,0,0,0,0,0,0,Low
txt,722,0,0,0,0,0,0,0,0,0,0,0,0,0,0,0,0,0,0,Low
xlsx,106,0,0,0,0,0,0,0,0,0,0,0,0,0,0,0,0,0,0,Low
xlsx,835,0,0,0,0,0,0,0,1,0,0,0,1,0,0,1,0,0,0,Medium
csv,6537,1,0,1,0,1,0,1,0,0,1,0,0,1,1,0,1,1,0,High
other,2050,1,0,0,0,1,0,0,1,1,1,0,0,0,0,1,0,1,0,High
png,794,1,0,0,0,0,0,0,0,1,0,0,0,1,0,0,1,0,0,Medium
jpg,106,0,0,0,0,0,0,0,0,0,0,0,1,0,0,0,0,0,0,Low
pdf,304,0,0,0,1,0,0,0,0,0,0,0,1,0,0,1,1,0,0,Medium
docx,4710,0,0,1,1,0,0,0,0,0,0,0,0,1,1,1,0,0,1,Medium
json,6944,0,1,0,1,1,0,0,1,0,0,0,0,0,0,0,0,0,0,High
xlsx,5311,0,0,0,0,0,0,0,0,0,0,0,1,0,0,0,0,0,0,Medium
png,1584,0,0,0,0,0,0,0,0,0,0,0,0,0,0,0,0,0,0,Low
pdf,356,0,0,0,0,0,0,0,0,0,0,0,0,0,0,0,0,0,0,Low
png,2396,0,0,1,0,0,0,0,1,0,0,0,1,0,0,0,0,0,0,Medium
txt,8211,0,1,0,1,1,1,0,0,0,0,0,0,0,0,0,0,0,0,High
json,2859,1,0,0,0,0,0,1,0,0,0,1,0,0,0,0,1,0,1,High
pdf,559,1,0,1,0,0,0,1,0,0,0,0,0,1,0,0,0,1,0,High
xlsx,1465,1,0,0,1,0,1,1,1,0,0,0,0,0,0,1,0,0,0,High
csv,3957,0,0,0,0,0,0,0,0,0,0,0,0,0,1,1,0,0,0,Medium
docx,955,0,0,0,1,0,0,0,0,0,0,0,0,0,0,1,0,0,0,Low
png,1468,0,0,0,1,0,0,0,0,0,0,0,0,1,0,0,0,0,0,Low
csv,6206,0,0,0,0,0,0,0,0,0,0,0,1,0,0,1,0,0,0,Medium
xlsx,1458,0,0,0,0,0,0,0,0,0,0,0,0,0,1,0,0,0,0,Low
xlsx,1576,0,0,0,0,0,0,0,0,0,0,0,0,0,0,0,0,0,0,Low
log,5521,1,0,1,0,1,1,1,1,0,0,0,0,0,0,0,1,0,0,High
txt,3267,0,0,1,1,0,0,0,0,0,0,0,0,0,0,0,0,0,0,Medium
pdf,3343,0,1,0,0,1,1,1,0,1,0,0,0,1,0,0,0,1,1,High
pdf,3786,1,0,0,0,0,0,0,0,0,1,0,0,0,0,0,0,0,0,High
other,5939,1,1,0,1,0,0,0,1,0,0,0,0,1,1,0,0,0,0,High
jpg,1724,0,0,0,0,0,0,0,0,0,1,0,0,0,0,0,0,0,0,Low
pdf,1367,0,0,0,0,0,0,1,0,0,0,0,0,0,0,0,0,0,0,Low
jpg,7860,1,1,0,1,0,1,0,0,1,0,0,0,0,0,0,0,0,0,High
pdf,1955,0,0,1,1,0,1,0,1,0,0,0,1,1,0,0,0,0,0,Medium
other,743,0,0,1,0,0,0,0,1,0,0,0,0,0,0,0,0,0,0,Low
jpg,1786,0,0,0,0,0,0,0,0,0,0,0,0,0,0,0,0,0,0,Low
pdf,102,0,0,0,0,0,0,0,0,0,0,0,0,1,0,0,0,0,0,Low
other,137,0,0,0,0,0,0,0,0,0,0,0,0,0,0,1,0,0,0,Low
pdf,1639,0,0,0,1,0,0,0,0,0,0,0,0,0,0,1,0,0,0,Medium
other,2326,1,0,0,0,0,0,1,0,0,0,0,0,0,0,0,0,0,0,High
other,1150,1,0,1,0,1,0,0,1,0,0,0,0,1,1,0,0,0,0,High
txt,625,0,0,0,0,0,0,0,0,0,0,0,0,0,0,0,0,0,0,Low
txt,9762,0,1,1,0,0,1,0,1,0,0,0,0,0,0,1,0,0,1,High
csv,1303,1,0,1,0,0,0,1,1,0,0,0,0,0,0,1,0,0,0,Medium
png,2234,0,0,0,0,0,0,0,0,0,0,0,0,1,1,1,1,0,0,Medium
pdf,7682,0,0,1,1,1,0,0,1,0,1,1,1,1,0,1,0,1,0,High
other,2582,0,0,1,0,0,0,0,0,0,0,0,1,0,1,0,0,0,0,Medium
pdf,4880,0,1,1,0,0,0,0,0,0,1,0,0,0,0,0,0,1,0,High
png,5924,0,0,0,0,0,0,0,0,0,0,0,0,0,0,1,1,0,0,Medium
pdf,6679,0,0,0,0,1,0,0,1,0,0,0,0,0,0,0,0,0,1,High
png,1772,0,0,1,0,0,0,0,1,0,0,0,0,0,0,0,1,0,1,High
csv,1040,1,0,1,1,0,0,0,0,0,0,0,1,0,1,1,0,0,0,Medium
png,1266,0,0,0,1,0,0,0,0,0,0,0,0,0,1,0,0,0,0,Medium
other,6042,0,0,0,0,0,0,0,0,0,0,0,0,1,0,0,0,0,0,Medium
json,5361,0,1,1,0,0,1,1,1,0,0,0,1,0,0,0,0,0,0,High
csv,690,0,0,0,0,0,0,0,0,0,0,0,0,1,0,0,0,0,0,Medium
txt,10414,1,0,0,0,0,1,0,0,0,0,0,1,0,0,0,0,1,0,High
docx,3193,0,0,0,0,0,0,0,0,1,0,0,0,0,0,0,0,1,0,High
txt,3763,1,0,1,0,0,0,0,0,0,0,0,1,1,1,0,0,0,0,Medium
xlsx,340,0,0,0,0,0,0,0,0,0,0,0,0,0,0,0,0,0,0,Low
png,2069,1,0,0,0,0,0,0,1,0,0,0,1,0,1,0,1,0,0,Medium
xlsx,434,0,0,0,0,0,0,0,0,0,1,0,0,0,0,0,0,0,0,Medium
jpg,499,0,0,0,1,0,0,0,0,0,0,0,0,0,0,0,0,0,0,Low
docx,2676,0,0,0,1,0,0,0,0,0,0,0,1,0,0,0,1,0,0,Medium
txt,263,0,0,0,0,0,0,0,0,0,0,0,0,0,0,0,0,0,0,Low
txt,1274,1,0,0,1,0,0,0,1,0,0,0,0,1,1,1,0,0,0,Medium
txt,2481,0,0,1,0,0,0,0,1,0,0,0,1,0,1,1,0,0,0,Medium
docx,7815,1,1,1,1,0,0,0,0,0,0,0,0,0,0,0,0,1,1,High
jpg,706,0,0,0,0,0,0,0,0,0,0,0,0,0,0,0,0,0,0,Low
txt,315,0,0,0,0,0,0,0,0,0,0,0,1,0,0,0,0,0,0,Low
docx,2187,0,0,1,0,0,0,0,0,0,0,0,0,1,1,0,0,0,0,Medium
json,6241,0,0,0,0,0,1,0,1,0,0,0,0,0,0,0,1,0,0,High
xlsx,938,0,0,0,0,0,0,0,0,0,0,0,0,0,0,0,0,0,0,Low
jpg,5157,1,0,0,1,0,1,1,1,0,0,1,0,0,0,0,0,1,0,High
jpg,4864,0,0,0,0,0,0,0,0,0,0,0,1,0,1,1,0,0,0,Medium
pdf,331,0,0,0,0,0,0,0,0,0,0,0,0,0,0,0,0,0,0,Low
other,915,0,0,0,0,0,0,0,0,0,0,0,0,0,1,0,0,0,0,Low
jpg,245,0,0,0,0,0,0,0,0,0,0,0,0,0,0,0,0,0,0,Low
docx,2982,0,1,1,0,0,0,1,1,1,1,0,0,0,0,0,0,0,0,High
csv,1739,0,0,0,0,0,0,0,0,0,0,0,0,1,1,1,1,0,0,Medium
docx,1701,0,1,0,0,0,1,1,0,1,1,0,1,0,0,0,0,0,0,High
log,5422,1,0,0,0,0,0,0,1,0,0,0,0,0,0,1,1,0,0,High
csv,782,0,0,0,0,1,0,0,0,0,0,0,0,0,0,0,1,0,0,Medium
other,253,0,0,0,0,0,0,0,0,0,0,0,0,0,0,0,0,0,0,Low
log,4104,1,0,0,1,0,0,1,1,0,1,0,0,0,0,0,0,0,1,High
other,6610,0,0,1,0,0,0,0,0,0,0,0,1,0,0,1,0,0,0,Medium
png,7117,0,1,1,1,0,0,0,0,0,0,0,1,0,0,0,0,0,0,High
jpg,703,0,1,0,0,0,0,0,0,0,0,0,1,1,0,1,1,0,1,Medium
txt,4807,0,0,1,0,0,0,0,0,0,0,0,0,1,0,0,0,0,0,Medium
other,759,0,0,0,0,0,0,0,0,0,0,0,0,0,0,0,0,0,0,Low
pdf,9470,1,0,0,0,1,0,0,1,1,1,0,0,0,0,1,0,1,0,High
pdf,4270,0,0,1,1,0,0,0,1,0,0,0,0,1,1,0,0,0,0,Medium
docx,141,0,0,1,0,0,0,0,0,0,0,0,0,1,0,1,0,0,0,Medium
jpg,2052,0,0,1,0,1,0,0,0,0,0,0,0,1,1,1,0,0,0,Medium
jpg,3298,0,1,1,0,0,0,1,1,0,0,0,1,1,0,1,0,0,1,High
jpg,1122,0,0,1,0,0,0,0,0,0,0,0,0,0,0,0,0,0,0,Low
pdf,907,0,0,0,0,0,0,0,0,0,0,0,0,0,0,1,0,0,0,Low
xlsx,4923,1,0,0,1,0,0,0,0,1,0,0,0,0,0,0,0,0,0,High
pdf,4727,0,0,1,1,0,0,0,1,0,0,0,0,0,0,1,0,1,0,High
docx,204,0,0,0,0,0,0,0,0,0,0,0,0,0,0,0,0,0,0,Low
txt,249,0,0,0,0,0,0,0,0,0,0,0,0,0,0,0,0,0,0,Low
other,3216,0,0,0,1,1,0,1,1,0,0,0,1,0,0,1,0,0,0,High
docx,2968,0,0,1,0,0,0,0,0,0,0,0,1,0,0,0,0,0,0,Medium
other,5539,0,0,0,1,0,0,1,0,0,0,0,0,0,1,0,1,0,0,Medium
jpg,545,0,0,0,0,0,0,0,0,0,0,0,0,1,0,1,0,0,0,Medium
pdf,3382,0,1,0,0,0,0,1,0,0,0,0,0,1,0,1,0,0,0,Medium
txt,1569,0,0,0,0,0,0,0,0,0,0,0,0,0,0,0,0,0,0,Low
other,1426,0,1,0,0,0,0,0,0,0,0,0,1,1,1,1,1,0,0,Medium
jpg,4700,0,0,0,0,0,0,0,0,1,1,1,0,0,0,0,0,1,0,High
xlsx,840,0,0,0,0,0,0,0,0,0,0,0,0,0,0,0,0,0,0,Low
pdf,4230,0,1,0,0,0,0,0,1,0,0,0,0,0,0,0,0,1,0,High
docx,781,0,0,1,0,0,0,0,0,0,0,0,0,0,1,1,0,0,0,Medium
jpg,81,0,0,0,0,0,0,0,0,0,0,0,0,0,0,0,0,0,0,Low
jpg,400,0,0,1,0,0,0,0,0,0,0,0,0,0,0,0,0,0,0,Low
jpg,246,0,0,0,0,0,0,0,0,0,0,0,0,0,0,0,0,0,0,Low
txt,1960,0,0,0,0,0,0,0,1,0,0,0,1,1,0,1,0,0,1,Medium
other,10127,1,1,0,0,0,0,0,1,1,0,0,0,0,0,0,0,1,0,High
json,1254,1,0,0,0,0,0,0,1,1,0,1,1,0,0,0,1,0,1,High
txt,6524,1,0,0,1,0,0,1,0,0,0,0,1,0,0,1,0,0,0,High
pdf,3987,0,0,0,0,0,0,0,0,0,0,0,0,0,1,1,0,0,0,Medium
png,109,0,0,0,0,0,0,0,0,0,0,0,0,0,0,0,0,0,0,Low
txt,549,0,0,0,0,0,0,0,0,0,0,0,0,0,1,0,0,0,0,Low
txt,1041,0,0,0,1,0,0,0,0,0,0,0,0,1,0,1,0,0,0,Medium
docx,985,0,0,0,0,0,0,0,0,0,0,0,0,0,0,0,0,0,0,Low
txt,4529,0,1,0,0,0,1,0,0,0,1,0,0,0,0,0,0,1,1,High
pdf,9055,0,1,1,1,0,0,0,1,1,0,0,0,1,0,0,1,0,0,High
txt,1007,0,0,0,0,0,0,0,0,0,0,0,0,0,0,0,0,0,0,Low
txt,1664,0,0,0,0,0,0,0,0,0,0,0,1,0,0,0,0,0,0,Low
pdf,5148,0,1,0,0,0,1,1,1,0,0,0,0,0,0,0,0,1,0,High
png,781,0,0,0,0,0,0,0,0,0,0,0,0,0,0,0,0,0,0,Low
xlsx,797,0,0,0,0,0,0,0,0,0,0,0,0,0,0,0,0,0,0,Low
pdf,1359,0,0,0,0,0,0,0,0,0,0,0,0,0,0,1,0,0,0,Medium
txt,587,0,0,0,0,0,0,0,0,0,0,0,0,0,0,0,0,0,0,Low
xlsx,19,0,0,0,0,0,0,0,0,0,0,0,0,0,0,1,0,0,0,Low
json,2590,1,1,0,1,0,0,0,1,0,0,0,0,0,0,0,0,0,1,High
jpg,1791,1,0,0,0,0,0,0,0,0,0,0,0,0,0,0,0,0,0,Low
txt,386,0,0,0,0,0,0,0,1,0,0,0,1,0,0,0,0,0,0,Low
pdf,1323,0,0,0,0,0,0,0,0,0,0,0,0,0,0,0,0,0,0,Low
docx,1391,0,0,0,0,0,0,0,0,0,0,0,0,0,0,0,0,0,0,Low
png,1291,0,0,0,0,0,0,0,0,0,0,0,0,0,0,0,0,0,0,Low
json,4552,1,0,0,1,0,0,0,0,0,0,0,0,0,1,1,0,0,0,High
xlsx,3763,0,0,1,0,0,0,1,0,0,0,0,1,0,0,1,0,0,0,Medium
jpg,4166,0,0,0,0,0,0,0,1,0,0,0,1,0,0,1,1,1,0,Medium
txt,7195,1,0,1,0,0,0,0,1,0,0,0,0,0,0,0,0,0,1,High
docx,11222,0,0,0,0,0,0,0,1,1,0,0,1,0,0,1,1,0,0,High
other,6493,0,0,1,0,0,0,0,0,0,0,0,0,0,0,0,1,0,0,Medium
xlsx,502,0,0,1,0,0,0,0,0,0,0,0,0,0,0,0,0,0,0,Low
txt,623,0,0,0,0,0,0,0,0,0,0,0,0,0,0,0,0,0,0,Low
png,1424,0,0,0,0,0,0,0,0,0,0,0,0,0,0,0,0,0,0,Low
other,619,0,0,0,1,0,0,1,0,0,0,0,0,0,0,1,1,0,0,Medium
other,1206,0,0,0,0,0,0,0,0,0,0,0,1,1,0,0,0,0,0,Medium
jpg,2187,0,0,1,0,0,0,1,1,0,0,0,1,1,1,1,1,0,1,Medium
xlsx,3433,1,1,0,0,0,1,0,0,1,1,0,0,0,0,0,0,0,0,High
png,761,0,0,1,0,1,0,0,0,0,0,0,0,0,0,0,0,0,0,Low
jpg,5501,0,0,0,1,0,0,0,0,1,0,0,0,0,0,1,0,0,0,Medium
csv,1019,0,0,0,1,0,0,0,0,0,0,0,0,1,1,1,1,0,0,Medium
other,4872,0,0,1,0,0,0,1,0,0,0,0,0,1,0,0,0,0,0,Medium
jpg,1602,0,0,1,0,0,0,0,0,0,0,0,0,0,0,1,0,0,1,Medium
docx,4918,0,0,1,1,0,0,0,0,0,0,0,0,1,0,1,1,0,0,Medium
jpg,2525,0,1,1,1,0,0,1,1,1,0,1,0,0,0,0,0,1,0,High
png,821,0,0,0,0,0,0,0,0,0,0,0,0,0,0,0,0,0,0,Low
other,251,0,0,0,0,0,0,0,0,1,1,0,0,1,0,0,0,0,0,Medium
jpg,6250,0,1,1,0,0,0,0,1,0,0,0,0,0,0,0,0,1,1,High
png,39,0,0,0,0,0,0,0,0,0,0,0,0,0,0,0,0,0,0,Low
other,8787,1,1,0,0,0,0,0,1,1,0,0,0,0,0,1,0,0,1,High
xlsx,695,0,0,0,0,0,0,0,0,0,0,0,0,0,0,0,0,0,0,Low
jpg,1573,0,0,0,0,0,0,0,0,0,0,0,0,0,0,1,0,0,0,Low
txt,5374,0,0,1,0,0,0,0,0,0,0,0,0,1,0,1,1,0,0,Medium
pdf,1237,0,0,0,0,0,0,0,0,0,0,0,0,1,0,0,0,0,0,Low
other,263,0,0,0,0,0,0,0,0,0,0,0,0,0,0,0,0,0,0,Low
jpg,3151,0,0,0,0,0,0,0,0,0,0,0,0,1,0,1,0,0,0,Medium
docx,4749,1,0,1,0,0,0,0,0,0,0,0,0,1,0,1,0,0,0,Medium
txt,383,0,0,0,0,0,0,0,0,0,0,0,0,0,0,0,0,0,0,Low
pdf,11,0,0,0,0,0,0,0,0,0,0,0,0,0,0,0,0,0,0,Low
pdf,227,0,0,0,0,0,0,0,0,0,0,0,0,1,0,0,0,0,0,Low
png,1337,0,0,0,0,0,0,0,0,0,0,0,0,0,0,0,0,0,0,Low
other,1813,0,0,1,0,0,0,0,0,0,0,0,1,0,0,1,0,1,1,Medium
other,1784,0,0,0,0,0,0,0,0,0,0,0,0,0,0,1,0,0,0,Low
txt,5635,0,0,0,0,0,0,1,0,0,0,0,0,1,0,1,1,0,0,Medium
png,2474,1,1,0,1,0,0,0,0,0,1,0,0,0,1,0,0,0,0,High
jpg,1402,0,0,0,0,0,0,0,0,0,0,0,0,0,1,0,0,0,0,Low
txt,303,0,0,0,0,0,0,0,0,0,0,0,0,1,0,0,0,0,0,Low
json,7391,0,0,0,0,0,0,0,0,0,1,0,0,0,0,0,0,0,0,High
pdf,9847,0,0,1,0,1,0,0,0,0,0,0,0,0,0,0,0,1,0,High
docx,467,0,0,0,0,0,0,0,0,0,0,0,0,1,0,0,0,0,0,Medium
jpg,485,0,0,1,0,0,0,0,0,0,0,0,0,0,0,0,0,0,0,Low
pdf,624,0,0,0,0,0,0,0,0,0,0,0,0,0,0,0,0,0,0,Low
txt,1652,0,0,0,0,0,0,0,0,0,0,0,0,0,0,0,0,0,0,Low
xlsx,1537,0,1,0,0,0,0,1,0,0,0,0,0,0,0,1,0,0,0,Medium
xlsx,872,0,0,0,0,0,0,0,0,0,0,0,0,0,0,1,0,0,0,Low
pdf,6755,0,0,0,0,0,0,0,1,0,0,0,0,1,1,0,1,0,0,Medium
xlsx,1140,0,0,0,0,1,0,0,1,0,1,0,1,1,0,0,0,0,0,Medium
pdf,817,0,0,0,0,0,0,0,0,0,0,0,0,0,0,0,0,0,0,Low
docx,38,0,0,0,0,0,0,0,0,0,0,0,0,0,0,0,0,0,0,Low
xlsx,6698,1,0,0,0,1,1,0,1,0,1,0,1,0,0,0,0,1,0,High
pdf,2345,0,0,0,0,0,0,0,0,0,0,0,1,1,0,1,0,0,0,Medium
txt,4212,0,0,0,0,0,0,0,1,0,1,1,1,1,0,1,1,0,0,Medium
json,8075,0,1,1,1,0,1,0,0,0,1,0,0,0,0,0,0,0,1,High
txt,3798,0,0,0,1,0,0,0,0,0,0,0,0,0,0,0,0,0,0,Medium
log,6753,0,0,1,0,1,0,1,0,0,0,0,0,0,0,0,0,0,1,High
jpg,1441,0,0,0,0,0,0,0,0,0,0,0,0,0,1,0,0,0,0,Low
png,752,0,1,0,0,0,0,0,0,0,0,0,0,1,1,0,0,0,0,Medium
txt,6639,1,0,0,0,1,0,0,1,0,0,1,0,0,0,0,0,0,0,High
other,2779,1,0,1,1,0,0,1,0,0,1,0,1,0,0,0,0,1,0,High
xlsx,6205,1,0,0,0,1,0,1,1,0,0,1,0,0,0,1,0,0,0,High
png,8936,0,0,0,1,0,0,1,1,0,0,0,0,1,0,1,0,1,0,High
png,7876,0,0,0,0,0,0,0,0,0,1,0,1,0,0,0,1,0,1,High
json,4751,0,0,0,0,0,0,0,1,0,0,0,0,0,0,1,0,1,1,High
csv,9043,1,0,0,1,0,0,0,0,0,0,0,0,0,0,0,0,0,0,High
log,5880,0,1,1,0,0,0,0,1,0,0,0,0,1,0,1,0,0,0,High
jpg,571,0,0,0,0,0,0,0,0,0,0,0,0,0,0,0,0,0,0,Low
png,6846,1,1,0,0,1,0,0,0,0,0,0,1,0,0,1,0,0,1,High
jpg,287,0,0,1,0,0,0,0,0,0,0,0,0,0,1,0,1,0,0,Medium
pdf,907,0,0,0,0,0,0,0,0,0,0,0,0,1,0,0,0,0,0,Low
txt,1748,0,0,0,1,0,1,0,1,1,1,0,1,0,0,1,1,0,0,High
jpg,7386,0,0,0,0,1,0,0,0,1,0,0,0,0,0,1,0,1,0,High
jpg,625,0,0,0,0,0,0,0,0,0,0,0,0,1,1,0,0,0,0,Low
png,3923,0,0,0,0,0,0,1,0,0,0,0,1,1,1,1,0,0,0,Medium
pdf,3221,0,0,1,0,0,0,0,0,0,0,0,1,0,1,0,0,0,0,Medium
pdf,9166,1,0,1,0,0,0,1,0,0,0,0,0,0,0,0,1,0,0,High
png,1756,0,0,0,0,0,0,0,0,0,0,0,0,0,0,0,0,0,0,Low
pdf,1124,1,0,0,0,0,0,0,1,0,0,0,0,0,1,1,0,0,0,Medium
txt,10049,0,1,1,0,0,0,0,0,0,0,1,0,0,1,0,0,1,0,High
xlsx,1587,0,0,0,1,0,0,0,0,0,0,0,0,1,0,1,0,0,0,Medium
png,4559,1,0,0,0,0,0,0,0,0,0,0,1,0,0,0,0,0,0,Medium
xlsx,6825,0,0,0,0,0,0,0,1,0,0,0,1,0,0,1,0,0,0,Medium
other,1188,0,0,0,0,0,0,0,0,0,0,0,0,0,0,0,0,0,0,Low
txt,10773,0,0,1,0,1,0,1,1,0,0,0,1,1,1,0,0,0,0,High
docx,531,0,0,0,0,0,0,0,0,0,0,0,0,0,0,0,0,0,0,Low
txt,3948,0,0,0,0,0,0,0,0,0,0,0,1,1,0,1,1,0,0,Medium
jpg,529,0,0,0,0,0,0,0,0,0,0,0,0,0,0,1,0,0,0,Low
docx,5074,0,1,1,0,0,0,0,0,0,0,0,0,1,1,0,0,0,0,Medium
png,3192,0,0,1,0,0,0,0,1,0,0,0,0,0,0,1,0,0,0,Medium
other,9394,1,1,1,1,1,0,0,1,1,1,0,1,0,1,0,0,0,0,High
json,2757,1,1,0,0,0,0,0,0,1,0,0,1,0,0,0,1,1,0,High
jpg,711,0,0,0,0,0,0,0,0,0,0,0,0,0,0,1,0,0,0,Low
pdf,2469,1,0,0,0,0,0,0,0,0,0,0,0,0,0,1,0,0,0,Medium
other,8862,1,1,0,1,0,0,0,0,0,0,0,0,1,0,0,1,0,0,High
txt,11989,1,1,1,0,0,0,0,0,0,1,0,0,0,0,0,0,1,0,High
jpg,1920,0,0,1,0,0,1,0,0,0,0,0,0,0,0,1,0,0,0,Medium
jpg,3268,1,0,0,0,0,0,0,1,0,1,0,0,0,0,0,0,0,1,High
txt,10173,1,1,0,0,1,1,0,0,0,1,0,1,0,0,0,0,1,0,High
docx,3395,0,1,1,0,1,0,0,1,0,0,0,0,0,0,1,0,0,0,High
txt,8197,1,1,1,1,0,0,0,1,0,0,0,0,1,0,0,0,0,0,High
docx,527,0,0,0,0,0,0,0,0,0,0,0,0,0,1,0,0,0,0,Low
other,3796,0,0,1,1,0,0,0,1,0,0,1,1,1,1,1,0,0,0,Medium
jpg,1331,0,0,0,0,0,0,0,0,0,0,0,0,0,0,0,0,0,0,Low
jpg,34,0,0,0,0,0,0,0,0,0,0,0,1,0,0,0,0,0,0,Low
docx,4523,0,0,1,0,0,0,0,1,0,0,0,0,0,0,0,0,0,0,Medium
txt,4905,0,0,0,0,0,0,0,0,0,0,0,0,0,1,1,0,0,0,Medium
png,105,0,0,0,0,0,0,0,0,0,0,0,0,0,0,0,0,0,0,Low
other,170,0,0,0,0,0,0,0,0,0,0,0,0,0,0,1,0,0,0,Low
jpg,864,0,0,0,0,0,0,0,0,0,0,0,0,0,0,0,0,0,0,Low
jpg,9449,0,0,0,0,0,0,0,1,0,0,0,0,0,1,0,0,1,0,High
other,4282,0,0,1,0,0,0,0,0,0,0,0,0,1,1,1,0,0,0,Medium
csv,6089,0,1,0,0,1,0,0,1,1,0,0,0,0,1,0,0,0,0,High
other,605,0,0,0,0,0,0,0,0,0,0,0,0,0,0,0,0,0,0,Low
docx,1368,0,0,0,0,0,0,0,0,0,0,0,0,0,0,0,0,0,0,Low
docx,5968,0,0,0,0,0,0,0,1,0,0,0,0,1,0,1,0,0,0,Medium
txt,10685,1,0,0,1,0,0,1,1,0,1,0,0,0,0,1,0,0,0,High
pdf,965,0,0,0,0,0,0,0,0,0,0,0,0,0,0,0,0,0,0,Low
pdf,2879,0,0,1,0,0,1,1,1,1,0,0,1,0,0,1,1,0,1,High
jpg,8247,1,1,0,0,0,0,1,0,0,1,1,1,0,0,0,0,1,1,High
txt,1043,0,0,0,0,0,0,0,0,0,0,0,0,0,0,0,0,0,0,Low
png,1533,0,0,0,0,0,0,0,0,0,0,0,0,1,0,0,0,0,0,Low
xlsx,4244,0,0,1,0,0,0,0,0,0,0,0,1,1,1,1,0,0,0,Medium
txt,479,0,0,1,0,0,0,0,0,0,0,0,0,0,0,0,0,0,0,Low
xlsx,4964,0,1,0,0,0,0,0,0,0,0,0,0,0,0,1,0,0,0,Medium
docx,4988,0,1,0,1,1,0,1,1,0,0,0,0,0,0,0,0,0,0,High
docx,36,0,0,0,0,0,0,0,0,0,0,0,0,0,0,0,0,0,0,Low
pdf,6780,0,0,0,0,0,0,0,0,0,0,0,1,0,0,1,0,0,0,Medium
jpg,1265,0,0,0,0,0,0,0,0,0,0,0,0,0,0,0,0,0,0,Low
pdf,6335,0,0,0,0,0,0,0,0,0,1,0,0,0,0,0,0,0,0,Medium
other,2184,0,0,1,0,0,0,0,0,0,0,0,1,1,1,1,0,0,0,Medium
docx,2642,1,1,1,0,0,0,1,0,1,1,1,0,0,0,0,0,0,1,High
png,248,0,0,0,0,0,0,0,0,0,0,0,0,0,0,0,0,0,0,Low
pdf,3598,0,0,0,1,0,0,0,0,0,0,0,1,1,0,1,0,0,0,Medium
pdf,1009,0,0,0,0,0,0,0,0,0,0,0,0,0,0,0,0,0,0,Low
pdf,3899,0,0,0,1,0,0,1,0,1,0,0,0,0,0,0,0,0,0,High
png,5954,0,0,1,1,0,0,0,1,1,0,0,1,1,0,0,0,0,1,High
xlsx,259,0,0,0,0,0,0,0,0,0,0,0,1,0,0,1,0,0,0,Low
jpg,5971,0,0,0,1,1,0,0,0,0,0,0,0,0,0,0,0,0,0,Medium
png,1799,0,0,0,1,0,0,0,0,0,0,0,0,0,0,0,0,0,0,Low
log,2887,1,0,0,0,0,0,0,1,0,0,0,0,0,0,0,1,1,0,High
pdf,381,0,0,0,0,0,0,0,0,0,0,0,0,0,0,0,0,0,0,Low
docx,1281,0,0,0,0,0,0,0,0,0,0,0,0,0,0,0,0,0,0,Low
other,9245,0,1,1,0,0,0,0,1,1,0,0,1,1,1,1,1,0,0,High
pdf,7276,0,1,0,0,0,1,1,1,0,0,0,0,0,0,0,1,0,0,High
log,10145,0,1,0,1,0,0,1,0,1,0,0,0,1,0,1,0,0,0,High
png,425,0,0,0,0,0,1,0,1,0,0,0,0,1,1,1,0,0,0,Medium
jpg,2741,0,1,1,0,0,0,0,0,0,0,0,1,1,0,1,0,0,0,High
pdf,1172,0,0,1,1,0,0,1,0,0,0,0,0,1,1,1,0,1,0,Medium
other,1728,0,0,0,0,0,0,0,0,0,0,1,0,0,0,0,0,0,0,High
docx,253,0,0,0,0,0,0,0,0,0,0,0,0,0,0,0,0,0,0,Low
png,733,0,1,1,0,1,0,1,0,0,0,1,0,0,0,0,0,1,0,High
xlsx,5968,1,1,0,0,0,0,1,0,0,0,0,0,0,0,1,0,0,0,High
jpg,844,0,0,0,0,0,0,0,0,0,0,0,0,0,0,0,0,0,0,Low
other,9014,0,0,1,1,0,0,1,0,1,0,1,1,0,0,0,1,1,0,High
docx,296,0,0,0,0,0,0,0,0,0,0,0,0,0,0,0,0,0,0,Low
other,328,0,0,0,0,0,0,0,0,0,0,1,0,1,1,1,1,0,0,Medium
txt,297,0,0,0,0,0,0,0,0,0,0,0,0,0,0,0,0,0,0,Low
xlsx,418,0,0,0,0,0,0,0,0,0,0,0,1,0,0,1,0,0,0,Low
png,735,0,1,0,0,0,0,0,0,0,0,0,0,0,0,0,0,0,0,Low
txt,1365,0,0,0,0,0,0,0,0,0,0,0,0,0,0,0,0,0,0,Low
jpg,5319,0,0,1,0,0,0,0,1,0,0,0,1,0,1,1,1,0,0,Medium
xlsx,322,0,0,0,0,0,0,0,0,0,0,0,0,0,1,0,0,0,0,Low
txt,180,0,0,0,0,0,0,0,0,0,0,0,0,0,0,0,0,0,0,Low
txt,90,0,0,0,0,0,0,0,0,0,0,0,0,0,0,0,0,0,0,Low
other,8416,1,1,1,0,0,0,0,1,0,1,0,0,1,0,0,1,0,0,High
xlsx,6212,0,0,0,0,0,0,0,0,0,0,0,0,0,1,1,0,0,0,Medium
pdf,537,0,0,0,0,0,0,0,0,0,0,0,0,0,0,1,0,0,0,Low
other,7307,0,0,0,0,0,1,1,1,0,0,0,0,0,0,1,0,0,1,High
other,2851,0,0,0,0,0,0,0,0,0,0,0,1,0,0,0,0,0,0,Medium
jpg,799,0,0,0,0,0,0,1,0,0,0,0,0,1,0,0,1,0,0,Medium
pdf,1167,0,0,1,0,0,0,0,0,0,0,0,0,1,0,1,0,0,0,Medium
xlsx,9935,1,1,1,0,1,0,0,1,1,1,0,1,0,0,1,1,1,0,High
xlsx,949,1,0,0,0,0,0,0,0,0,0,0,0,0,0,0,0,0,0,Low
txt,2492,0,1,0,0,0,0,0,0,0,0,0,0,0,1,0,0,0,0,Medium
csv,3588,0,0,0,0,0,0,0,1,0,0,0,1,0,0,1,0,0,0,Medium
jpg,350,0,0,0,0,0,0,0,0,0,0,0,0,0,0,0,0,0,0,Low
txt,1020,0,0,0,0,0,0,0,0,0,0,0,0,0,0,0,0,0,0,Low
other,1713,0,0,0,0,0,0,0,0,0,0,0,0,0,0,0,0,0,0,Low
docx,9706,1,0,0,0,0,0,0,1,1,0,0,0,0,0,0,0,0,0,High
log,10235,1,0,0,0,0,0,1,1,0,1,0,0,0,0,0,0,0,0,High
pdf,280,0,1,0,0,0,0,0,1,0,0,0,1,1,0,0,1,0,0,Medium
txt,210,0,0,0,0,0,0,0,0,0,0,0,0,0,0,0,0,0,0,Low
xlsx,6963,0,0,0,0,0,0,0,0,0,0,0,0,0,0,0,0,0,0,Medium
jpg,990,1,0,1,0,0,0,0,0,0,0,0,0,0,0,0,0,0,0,Medium
docx,1427,0,0,0,0,0,0,0,0,0,0,0,0,0,0,0,0,0,0,Low
csv,6784,0,0,0,0,0,0,0,0,0,0,0,0,1,0,1,1,0,0,Medium
pdf,4632,0,0,1,0,0,0,1,0,0,0,0,0,0,1,1,0,0,0,Medium
docx,1458,0,1,1,1,0,0,0,0,0,0,0,0,0,0,0,0,0,0,Medium
xlsx,7924,1,0,0,0,0,0,0,1,0,0,0,0,0,0,0,0,1,1,High
txt,4402,0,1,0,0,0,0,1,0,1,0,1,1,1,0,0,1,1,1,High
docx,2915,0,0,1,1,0,0,0,0,0,0,0,0,1,0,1,0,0,0,Medium
log,1480,0,0,0,0,1,0,0,0,0,0,0,0,0,0,0,1,0,0,High
other,517,0,0,0,0,0,0,0,0,0,0,0,0,0,0,0,0,0,0,Low
jpg,3375,0,0,1,0,0,0,0,0,0,0,0,0,0,1,1,1,0,0,Medium
docx,726,0,0,0,0,0,0,0,0,0,0,0,0,0,0,0,0,0,0,Low
csv,5847,0,0,0,1,1,0,0,0,0,1,0,0,0,0,1,1,0,0,High
docx,6938,0,0,1,0,0,0,0,0,0,0,0,0,0,0,1,0,0,0,Medium
pdf,4716,0,0,1,0,0,0,0,1,0,0,0,1,1,0,1,1,0,1,Medium
png,53,0,0,0,0,0,0,0,0,0,0,0,0,0,0,0,0,0,0,Low
png,1158,0,0,0,0,0,0,0,0,0,0,0,0,0,0,0,0,0,0,Low
jpg,1844,0,0,1,1,0,0,0,0,0,0,0,0,0,0,1,0,0,0,Medium
other,5671,0,0,0,1,0,0,0,0,0,0,0,1,1,1,1,0,1,0,Medium
log,10416,1,1,1,1,0,1,0,1,0,0,0,0,0,0,0,1,0,1,High
png,1028,0,0,0,0,0,0,0,0,0,0,0,0,0,0,0,0,0,0,Low
other,202,0,0,0,0,0,0,0,0,0,0,0,0,0,1,0,0,0,0,Low
other,5442,0,0,1,0,0,0,0,1,0,0,0,1,1,0,0,0,0,0,Medium
xlsx,5467,0,1,0,1,1,0,0,1,1,1,0,0,0,0,0,0,0,1,High
png,1111,0,0,0,0,0,0,0,0,0,0,0,1,0,1,0,0,0,0,Low
pdf,5368,0,0,0,0,0,0,0,1,0,0,0,1,1,0,1,1,0,0,Medium
xlsx,6067,0,0,0,0,0,0,0,0,0,0,0,0,0,0,0,0,0,0,Medium
txt,4635,0,0,1,1,0,0,1,0,0,0,0,1,0,0,0,0,0,0,Medium
docx,740,0,0,0,0,0,0,0,0,0,0,0,0,1,0,0,0,0,0,Low
other,5084,0,0,1,0,0,0,0,0,1,1,0,0,0,0,1,1,0,0,High
pdf,685,0,0,0,0,0,0,0,0,0,0,0,0,1,0,0,0,0,0,Low
other,185,0,1,0,0,0,0,0,0,0,0,0,0,0,0,0,0,0,0,Low
log,4652,1,0,0,0,1,0,0,0,0,0,1,1,0,0,0,0,0,0,High
other,3432,0,1,1,1,0,0,1,1,0,1,0,1,0,0,0,1,1,0,High
jpg,15,0,0,0,0,0,0,0,0,0,0,0,0,0,0,0,0,0,0,Low
xlsx,1262,1,0,1,0,0,0,0,1,0,0,0,0,0,0,0,1,1,1,High
jpg,6427,0,0,1,0,0,0,0,0,0,0,1,0,0,0,0,1,0,0,High
png,3546,0,0,1,0,0,0,0,0,0,0,0,1,0,1,1,0,0,0,Medium
xlsx,2522,0,0,0,0,1,0,0,1,0,1,0,0,0,1,1,0,0,0,High
png,93,0,0,0,0,0,1,0,0,0,0,1,0,0,0,0,0,1,0,High
xlsx,3820,0,1,0,0,0,0,1,1,0,0,0,0,0,0,1,0,1,0,Medium
png,1729,0,0,0,0,0,0,0,0,0,0,0,0,0,0,0,0,0,0,Low
pdf,1193,0,0,0,0,1,0,0,0,0,0,1,0,1,0,1,1,0,0,Medium
csv,2928,0,1,1,1,0,0,1,1,0,0,1,0,0,0,0,0,0,1,High
other,516,0,0,0,1,0,0,0,0,0,0,0,0,0,0,1,0,0,0,Low
jpg,485,0,0,0,0,0,0,0,0,0,0,0,0,0,0,0,0,0,0,Low
other,9827,1,0,0,1,0,1,1,0,0,0,1,0,1,0,0,1,0,0,High
json,5878,1,1,0,0,0,0,1,0,1,0,0,0,1,1,0,1,0,1,High
docx,3410,0,0,0,0,0,0,1,0,0,0,0,0,1,1,0,0,0,0,Medium
xlsx,2075,0,1,1,0,1,0,1,0,0,0,0,0,1,1,0,0,1,1,High
jpg,6174,0,0,1,0,0,0,0,0,0,0,0,1,0,0,0,0,0,0,Medium
txt,6162,0,1,0,0,0,0,1,0,0,0,0,0,0,0,0,0,0,0,High
png,744,0,0,0,0,0,0,0,0,0,0,0,0,0,0,1,0,0,0,Low
xlsx,4620,0,0,0,0,0,0,0,0,0,0,0,1,0,0,1,0,0,0,Medium
jpg,488,0,0,0,0,0,0,0,0,0,0,0,0,0,0,0,0,0,0,Low
docx,6890,0,0,0,0,0,0,0,0,0,0,0,0,0,1,1,0,0,0,Medium
docx,671,0,0,0,0,0,0,0,0,0,0,0,0,0,0,0,0,0,0,Low
xlsx,429,0,0,0,0,0,0,0,0,0,0,0,0,0,0,0,0,0,0,Low
txt,10997,0,0,0,0,0,1,0,1,1,1,0,0,0,0,1,1,0,0,High
docx,4063,0,0,0,0,0,0,0,0,0,0,0,0,1,0,0,0,0,0,Medium
png,1180,0,1,1,0,1,0,0,0,0,1,0,0,1,0,1,0,0,0,High
jpg,1104,0,0,0,0,0,0,0,0,0,0,0,0,0,0,0,0,0,0,Low
other,1759,1,0,0,0,0,0,0,0,0,1,0,1,1,1,0,1,0,0,Medium
txt,11105,0,0,0,0,0,0,1,1,1,0,0,1,1,1,0,0,0,0,High
pdf,9132,0,0,1,0,1,0,0,0,1,0,0,0,0,0,0,0,1,0,High
log,91,1,0,1,0,0,1,0,1,0,1,0,1,0,0,1,0,0,0,High
png,1303,0,0,0,0,0,0,0,0,0,0,0,0,1,0,0,0,0,0,Low
png,4696,0,0,0,0,0,0,0,0,0,0,0,0,0,0,0,1,0,0,Medium
png,1043,0,0,0,0,0,0,0,0,0,0,0,0,0,0,0,0,0,0,Low
other,1317,0,0,0,0,0,0,0,0,0,0,0,0,1,0,0,0,0,0,Medium
png,1457,0,0,1,0,0,0,0,0,0,0,0,0,0,0,0,0,0,0,Low
docx,6039,0,0,0,0,0,0,0,0,0,0,0,0,1,0,1,1,0,0,Medium
jpg,1503,0,0,0,0,0,0,0,0,0,0,0,0,0,0,0,0,0,0,Low
png,1763,0,0,0,0,0,0,0,0,0,0,0,0,0,0,0,0,0,0,Low
png,9721,1,1,1,0,0,0,0,1,0,0,0,0,0,0,0,0,0,1,High
pdf,1676,0,0,0,0,0,0,0,0,0,0,0,0,0,1,1,0,0,0,Medium
jpg,298,0,0,0,0,0,0,0,0,0,0,0,0,0,1,0,0,0,0,Low
png,790,1,1,0,0,0,0,0,1,0,0,0,1,0,0,0,0,1,0,High
docx,6805,0,0,0,1,0,0,1,0,0,0,0,0,1,0,1,0,0,0,Medium
jpg,6407,1,0,1,1,0,0,0,1,0,0,0,0,0,1,0,0,1,1,High
other,8859,0,0,0,1,0,0,0,0,0,1,0,0,1,0,0,0,1,0,High
txt,1220,0,0,0,0,0,0,0,0,0,0,0,0,0,0,0,0,0,0,Low
jpg,184,0,0,0,0,0,0,1,0,0,0,0,0,0,0,0,0,0,0,Low
xlsx,1024,0,1,0,0,1,0,0,0,1,0,1,0,0,0,0,0,1,0,High
other,2885,0,0,1,1,0,0,1,1,1,0,0,0,0,0,1,0,1,1,High
csv,6127,0,0,1,0,0,0,0,0,0,0,0,0,0,0,0,0,0,0,Medium
other,10008,0,1,0,0,1,0,1,1,0,0,0,1,0,1,0,1,0,1,High
png,275,0,0,0,0,0,0,0,0,0,0,0,1,1,0,0,0,0,0,Low
pdf,168,0,0,0,0,0,0,0,0,0,0,0,0,0,0,0,0,0,0,Low
xlsx,7027,0,1,0,0,0,1,1,0,0,0,0,0,0,1,0,0,1,0,High
jpg,232,0,0,0,0,0,0,0,0,0,0,0,0,0,0,1,0,0,0,Low
docx,4120,0,0,0,0,0,0,0,0,0,0,0,0,0,0,1,1,0,0,Medium
jpg,1429,0,0,0,0,0,0,0,0,0,0,0,0,1,0,0,0,0,0,Low
png,6801,1,0,1,0,0,0,1,1,1,1,0,0,0,1,0,0,1,0,High
pdf,2404,0,0,0,0,0,0,0,0,0,0,0,1,1,0,0,0,0,0,Medium
jpg,11318,1,0,0,0,1,0,1,0,0,0,0,0,0,0,0,0,0,0,High
jpg,1069,0,0,0,0,0,0,0,0,0,0,0,0,0,0,0,0,0,0,Low
xlsx,330,0,0,0,0,0,0,0,0,0,0,0,0,0,0,0,0,0,0,Low
xlsx,1168,0,0,0,0,0,0,0,0,0,0,0,0,0,0,0,0,0,0,Low
docx,3424,0,0,0,0,0,0,0,0,0,0,0,0,0,0,0,1,0,0,Medium
png,783,0,0,0,0,0,0,0,0,0,0,0,0,1,0,0,0,0,0,Low
pdf,407,0,0,0,0,0,0,0,1,0,0,0,0,1,1,0,1,0,0,Medium
txt,3610,0,0,0,0,0,0,0,0,0,0,0,0,0,1,0,1,1,0,Medium
docx,2371,0,0,1,1,0,0,1,1,0,0,0,1,1,1,1,1,0,0,Medium
csv,626,1,0,0,0,0,0,0,0,0,1,0,0,1,0,0,0,0,0,High
pdf,433,1,1,0,0,0,1,0,1,0,0,0,0,0,0,1,0,0,1,High
pdf,3871,0,0,0,0,0,0,0,0,0,1,0,0,0,1,1,1,0,0,Medium
png,1615,0,0,0,0,0,0,0,0,0,0,0,0,0,0,1,0,0,0,Low
other,3786,0,0,0,0,0,0,0,0,0,0,0,0,0,0,1,1,0,0,Medium
jpg,5173,0,0,0,0,0,0,0,0,0,1,0,0,1,0,1,1,0,0,Medium
txt,5147,0,0,0,0,0,0,0,0,0,0,0,0,1,0,0,1,0,0,Medium
txt,1237,0,0,0,0,0,0,0,0,0,0,0,0,1,0,0,0,0,0,Low
png,7058,1,0,0,0,0,0,1,1,0,0,0,0,0,0,0,0,0,1,High
csv,5345,0,0,1,0,0,0,0,0,0,0,0,1,0,1,0,1,0,0,Medium
docx,6812,0,1,0,0,0,0,1,0,0,0,0,0,1,0,1,0,0,0,Medium
txt,10434,0,0,0,0,1,0,1,1,0,1,0,1,0,0,0,0,0,0,High
txt,8735,1,0,0,0,0,1,1,1,1,0,0,0,0,0,0,0,1,0,High
jpg,459,0,0,0,1,0,0,0,0,0,0,0,0,0,0,1,0,0,1,Medium
docx,164,0,0,0,0,0,0,0,0,0,0,0,0,0,0,0,0,0,0,Low
xlsx,4462,0,0,0,0,0,0,0,0,0,0,0,1,1,0,1,1,0,0,Medium
txt,1023,0,0,0,0,0,0,0,0,0,0,0,0,0,0,1,0,0,0,Medium
txt,967,0,0,0,0,0,0,0,0,0,0,0,0,0,0,1,0,0,0,Low
txt,9549,0,0,0,0,0,0,1,0,0,0,0,0,0,1,0,0,0,1,High
png,5184,0,0,0,0,0,0,0,0,0,0,0,1,0,0,1,0,0,0,Medium
xlsx,6343,0,0,1,1,0,0,0,0,0,0,0,0,0,0,1,0,0,0,Medium
png,511,0,0,0,0,0,0,0,0,0,0,0,0,1,0,0,0,0,0,Low
other,345,0,0,0,0,0,0,0,0,0,0,0,0,1,1,0,0,0,0,Medium
txt,594,0,0,0,0,0,0,0,0,0,0,0,0,0,0,0,0,0,0,Low
jpg,1834,0,0,0,1,0,0,0,0,0,0,0,0,1,0,1,1,0,0,Medium
docx,468,0,0,1,0,0,0,0,0,0,0,0,1,1,0,0,1,0,0,Medium
docx,5359,0,0,0,1,0,0,0,0,0,0,0,1,1,0,1,0,0,0,Medium
csv,2263,1,0,1,0,0,0,0,1,0,0,1,1,0,0,1,0,0,0,High
pdf,277,0,0,0,0,0,0,0,0,0,0,0,0,0,0,0,0,0,0,Low
jpg,339,0,0,0,0,0,0,0,0,0,0,0,0,0,0,0,0,0,0,Low
jpg,1636,0,0,0,0,0,0,1,0,0,0,0,1,0,0,0,1,0,0,Low
txt,1642,0,0,0,0,0,0,0,0,0,0,0,0,0,0,0,0,0,0,Low
png,927,0,0,0,0,0,0,0,0,0,0,0,0,1,0,1,0,0,0,Medium
png,8215,0,0,0,0,0,0,1,0,0,1,0,0,1,0,0,0,1,0,High
other,1774,0,0,0,0,0,0,0,0,0,0,0,0,0,0,0,0,0,0,Low
docx,9,0,0,0,0,0,0,0,0,0,0,0,0,0,0,0,0,0,0,Low
docx,157,0,0,1,0,0,0,0,0,1,0,0,0,0,1,1,0,0,0,Medium
png,551,0,0,0,0,0,0,0,0,0,0,0,0,0,0,0,0,0,0,Low
docx,11830,0,0,0,0,0,1,0,0,0,0,0,0,1,0,0,0,0,0,High
pdf,1875,0,0,0,0,0,0,0,1,0,0,0,0,0,1,1,1,0,0,Medium
png,268,0,0,0,0,0,0,0,0,0,0,0,1,0,0,0,0,0,0,Low
docx,1344,0,0,0,0,0,0,0,0,0,0,0,0,0,1,0,0,0,0,Low
docx,309,0,0,0,0,0,0,0,0,0,0,0,0,0,0,0,0,0,0,Low
txt,2821,0,1,0,1,0,0,0,0,0,0,0,1,0,0,1,0,0,0,Medium
log,8924,0,0,1,1,0,0,1,0,0,0,0,0,0,0,0,0,0,1,High
docx,3253,0,0,0,1,0,0,0,1,1,0,0,0,0,0,1,0,1,0,High
csv,7069,0,0,0,0,0,0,1,1,0,0,0,1,0,0,0,0,1,0,High
other,10606,0,1,0,0,0,0,1,1,0,0,0,0,0,0,0,0,0,1,High
jpg,1085,0,0,0,1,0,0,0,0,0,0,0,1,0,0,1,1,0,0,Medium
json,2200,0,0,0,1,0,0,0,0,1,1,1,0,0,0,1,0,0,0,High
jpg,1396,1,0,0,0,0,0,0,0,0,0,0,0,0,0,0,0,0,0,Low
jpg,1582,0,0,0,0,0,0,0,0,0,0,0,1,0,0,0,0,0,0,Low
txt,1656,0,0,0,0,0,0,0,0,0,0,0,0,0,0,0,0,0,0,Low
png,1117,1,0,0,0,0,0,0,1,0,0,0,0,0,0,0,1,1,0,High
csv,6120,0,0,1,0,0,0,0,0,0,1,0,0,0,0,0,0,1,1,High
other,1030,0,0,1,0,0,0,1,0,0,0,0,0,1,0,0,0,0,0,Medium
jpg,1312,0,0,1,0,0,0,0,0,0,0,0,0,0,0,0,0,0,0,Low
png,2520,0,0,0,0,0,0,0,0,0,0,0,1,1,1,0,0,0,0,Medium
csv,3162,0,0,0,0,0,0,0,0,0,0,0,1,1,1,1,0,0,0,Medium
txt,508,0,0,0,0,0,0,0,0,0,0,0,0,0,0,0,0,0,0,Low
xlsx,2919,0,0,1,1,0,0,0,1,0,0,0,0,0,1,1,0,0,0,Medium
txt,3151,0,0,1,1,0,0,0,0,1,0,0,0,0,1,0,0,0,0,Medium
log,5890,0,0,1,0,1,1,0,1,1,0,0,0,0,0,0,0,0,0,High
docx,4606,0,1,0,0,0,0,1,1,1,0,0,1,0,0,1,1,0,0,High
png,3865,0,1,0,1,0,0,0,0,0,0,0,0,1,1,0,0,0,0,Medium
other,4928,0,0,0,1,0,0,0,0,0,0,0,1,1,1,0,0,1,0,Medium
png,1662,1,0,1,0,0,0,1,0,0,1,0,1,1,0,1,0,1,1,High
csv,5319,0,0,0,0,0,0,0,0,1,1,0,0,0,0,1,0,1,1,High
json,5322,1,0,1,0,0,1,0,1,0,0,0,0,0,0,0,1,0,0,High
xlsx,5212,0,0,1,0,0,0,0,0,0,0,0,0,1,1,0,0,0,0,Medium
jpg,1052,0,0,1,0,0,0,0,0,0,0,0,0,0,0,0,0,0,0,Low
jpg,2746,0,0,0,0,0,0,0,0,0,0,0,1,0,1,1,1,0,0,Medium
jpg,839,0,0,0,0,0,0,0,0,0,0,0,0,0,0,0,0,0,0,Low
other,1233,0,0,0,0,1,0,0,0,0,0,0,0,0,0,1,0,0,0,Low
txt,6138,1,1,0,0,0,0,0,0,0,0,0,0,1,0,0,0,0,0,Medium
docx,3785,0,1,0,0,1,0,1,0,0,0,1,1,0,0,1,0,0,0,High
docx,3931,0,0,0,0,0,0,0,1,0,0,0,0,0,0,1,0,0,0,Medium
other,1600,0,0,0,1,0,0,0,0,0,0,0,0,1,1,1,0,0,0,Medium
log,3309,0,0,0,1,0,0,0,1,0,1,0,0,0,0,1,1,0,0,High
docx,5544,0,0,0,0,0,0,1,0,0,0,0,1,1,0,1,0,0,0,Medium
docx,2315,0,0,0,0,0,0,0,0,0,0,0,0,1,0,1,0,0,0,Medium
docx,3940,0,0,1,0,0,0,0,0,0,0,0,1,1,0,0,0,0,0,Medium
csv,5518,0,0,0,1,0,0,1,0,0,0,0,1,1,1,1,0,0,0,Medium
other,6239,1,1,0,1,0,0,0,0,1,0,0,0,0,0,0,0,1,1,High
jpg,1526,0,1,1,1,0,0,0,0,0,0,0,1,0,1,1,0,0,0,Medium
docx,6125,1,1,0,0,0,0,0,1,0,0,0,0,0,0,0,1,0,1,High
json,876,1,1,0,0,0,0,0,0,1,1,0,0,0,0,0,0,1,1,High
txt,10568,0,0,0,1,0,0,1,0,0,0,1,0,0,0,0,1,0,0,High
jpg,967,0,0,0,1,0,0,0,0,0,0,0,1,0,1,1,0,0,0,Low
txt,931,0,0,1,0,0,0,0,0,0,0,0,0,0,0,0,0,0,0,Low
other,43,1,1,1,1,0,0,0,1,1,0,0,0,0,0,1,0,0,0,High
docx,8499,0,1,1,1,0,0,0,1,0,0,0,0,1,0,0,0,0,0,High
docx,6832,0,0,1,0,0,0,0,0,0,0,0,0,0,1,1,0,0,0,Medium
pdf,2955,1,0,1,0,0,0,0,0,0,0,1,0,0,1,1,0,0,0,Medium
csv,8059,0,1,0,0,0,0,1,1,1,1,1,1,1,0,0,1,1,0,High
png,683,0,0,0,0,0,0,0,0,0,0,0,0,0,0,0,0,0,0,Low
xlsx,1561,0,0,0,0,0,0,0,0,0,0,0,0,0,1,0,0,0,0,Low
pdf,914,0,0,0,0,0,0,0,0,0,0,0,0,1,0,0,0,0,0,Low
txt,2646,0,0,0,0,0,0,0,1,0,0,0,0,0,0,1,0,0,0,Medium
log,9917,1,0,1,0,0,1,0,1,0,0,0,1,0,0,1,0,0,0,High
pdf,11927,0,0,0,0,0,0,0,1,0,0,1,0,0,0,0,1,0,1,High
jpg,1705,0,0,0,0,0,0,0,0,0,0,0,0,0,0,0,0,0,0,Low
txt,533,0,0,0,0,0,0,0,0,0,0,0,0,0,0,1,0,0,0,Low
txt,901,0,0,1,0,0,0,0,0,0,0,0,1,0,0,0,0,0,0,Low
txt,9574,1,0,0,0,0,0,1,0,0,0,0,0,0,0,1,0,1,1,High
other,3088,0,0,1,1,0,1,0,0,0,0,0,0,0,0,0,0,0,0,High
txt,7520,0,1,0,0,1,1,1,1,0,0,1,0,0,0,0,0,0,0,High
other,5665,0,0,0,0,0,0,0,0,0,0,0,1,0,0,0,0,0,0,Medium
png,1740,0,0,0,0,0,0,0,0,0,0,0,0,1,1,0,0,0,0,Low
docx,541,0,0,0,0,0,0,0,1,0,0,0,0,0,0,1,0,0,0,Medium
csv,4915,0,0,0,0,0,0,0,1,1,0,0,1,0,0,0,1,0,0,High
other,4035,0,0,1,0,0,0,0,0,0,0,0,0,0,0,0,1,0,0,Medium
other,545,0,0,0,1,0,0,0,0,0,0,0,1,1,0,1,0,0,0,Medium
docx,842,0,0,0,0,0,0,0,0,0,1,0,0,1,0,1,0,0,0,Medium
txt,4721,0,1,0,0,0,0,0,0,0,0,0,1,1,1,1,0,0,0,Medium
docx,8859,0,0,0,0,0,1,1,0,1,0,1,0,0,1,0,0,1,0,High
docx,5137,0,0,0,0,0,0,0,0,0,0,0,0,1,0,1,0,0,0,Medium
jpg,2357,0,0,0,0,0,0,0,1,0,0,0,0,1,1,1,0,0,0,Medium
log,1004,0,0,0,0,1,0,0,0,0,0,0,0,0,1,1,0,1,0,High
jpg,2707,0,0,0,1,0,0,0,0,0,0,0,0,1,1,1,1,0,1,Medium
jpg,598,0,0,0,0,0,0,0,0,0,0,0,0,0,0,0,0,0,0,Low
pdf,847,0,0,0,0,0,0,0,0,0,0,0,0,0,0,0,0,0,0,Low
other,468,0,0,0,0,0,0,0,0,0,0,0,0,1,0,0,1,0,0,Medium
log,3667,0,1,0,0,0,0,1,1,0,0,0,1,0,1,0,0,1,0,High
txt,613,0,0,0,0,0,0,0,0,0,0,0,0,0,0,0,0,0,0,Low
jpg,4262,0,0,1,0,0,0,0,0,0,0,0,0,1,0,1,0,0,0,Medium
png,9537,1,1,1,0,0,0,0,1,0,0,1,0,1,0,0,0,0,0,High
json,4531,1,0,0,0,0,1,0,1,0,0,0,0,0,0,0,0,0,0,High
png,4589,1,0,0,0,0,0,0,1,0,0,1,0,0,0,0,0,0,0,High
txt,2859,0,0,1,0,1,0,0,1,1,0,1,1,0,0,1,0,0,0,High
pdf,5048,0,0,0,1,0,0,0,1,0,0,0,1,0,0,1,1,0,0,Medium
csv,4264,0,1,1,0,1,0,0,0,0,0,0,1,0,0,1,1,0,0,High
png,1796,0,0,0,0,0,0,0,0,0,0,0,1,0,0,0,0,0,0,Low
jpg,607,0,0,0,0,0,0,0,0,0,0,0,0,0,0,0,0,0,0,Low
pdf,6107,1,0,0,0,0,0,0,0,0,0,0,1,1,1,0,1,0,0,Medium
other,1803,0,0,0,1,0,0,0,0,0,0,0,1,1,0,0,1,0,0,Medium
other,5866,0,0,0,0,0,0,0,1,0,0,0,0,0,0,0,0,0,0,Medium
jpg,78,0,0,0,0,0,0,0,0,0,0,0,0,0,0,0,0,0,0,Low
txt,4394,1,0,0,0,0,0,0,0,0,1,0,0,0,0,0,0,0,0,High
docx,6425,1,0,1,1,0,0,0,0,0,0,0,1,0,0,0,0,0,0,Medium
other,2363,0,0,1,0,0,0,0,0,0,0,0,0,0,1,0,0,0,0,Medium
jpg,518,0,0,0,0,0,0,0,0,0,0,0,0,0,0,0,0,0,0,Low
jpg,10052,1,1,0,0,0,0,1,1,0,0,1,0,0,0,0,0,1,0,High
other,1225,0,0,0,0,0,0,0,0,0,0,0,0,1,1,0,0,0,0,Low
png,1660,0,0,0,0,0,0,0,0,0,0,0,1,0,0,0,0,0,0,Low
txt,1080,0,0,0,0,0,0,0,0,0,0,0,0,0,0,0,0,0,0,Low
pdf,2815,1,1,1,1,0,0,1,0,0,1,0,0,0,1,0,0,0,0,High
docx,3952,0,0,1,1,1,0,0,0,0,0,1,0,0,0,1,1,0,0,Medium
docx,2650,0,0,1,0,0,0,1,0,0,0,0,0,1,0,1,0,0,0,Medium
jpg,984,0,0,0,0,0,0,0,0,0,0,0,0,0,0,0,0,0,0,Low
json,3328,1,0,1,0,0,0,1,0,0,0,1,0,0,0,0,0,0,0,High
jpg,1646,0,0,0,0,0,0,0,0,0,0,0,0,0,0,0,0,0,0,Low
pdf,11208,0,1,0,0,0,0,0,0,1,0,0,0,0,0,0,0,0,0,High
pdf,6110,0,0,0,0,0,0,0,0,0,0,0,0,1,0,1,0,0,0,Medium
docx,297,0,0,0,0,0,0,0,0,0,0,0,0,0,0,0,0,0,0,Low
png,1169,0,0,0,0,0,0,0,0,0,0,0,1,0,0,0,0,0,0,Low
jpg,3009,0,1,1,0,0,1,1,0,0,0,0,0,0,1,1,0,0,0,High
docx,554,0,0,0,0,0,0,0,0,0,0,0,0,0,0,0,0,0,0,Low
csv,1463,0,1,0,1,0,0,0,0,0,0,0,0,1,0,1,0,0,0,Medium
jpg,4841,1,0,0,0,1,0,1,0,1,1,0,0,0,1,0,0,0,0,High
csv,2027,1,1,0,0,0,1,0,1,0,1,0,0,1,0,0,0,0,1,High
txt,1030,0,0,0,1,0,0,0,0,0,0,0,0,0,0,0,0,0,0,Low
png,2879,0,0,1,0,0,0,0,0,0,0,0,0,0,1,0,0,0,0,Medium
csv,5893,0,0,1,0,0,0,0,0,0,0,0,1,0,0,1,0,0,0,Medium
jpg,4520,0,0,0,0,1,0,0,0,0,0,0,0,1,0,1,0,0,0,Medium
docx,874,0,0,0,0,0,0,0,0,0,0,0,0,0,1,0,0,0,0,Low
docx,4833,0,0,1,1,0,0,0,0,0,0,0,0,1,1,1,0,0,0,Medium
xlsx,74,0,1,1,0,1,0,0,0,0,0,0,0,0,1,0,0,0,1,High
docx,1622,0,0,0,0,0,0,0,0,0,0,1,0,0,0,0,0,0,0,Low
png,934,0,0,0,0,0,0,0,0,0,0,0,0,0,0,1,0,0,0,Low
csv,1131,0,0,0,0,0,0,1,1,0,0,0,0,1,0,1,0,0,0,Medium
other,3120,0,0,0,0,0,0,0,0,0,0,0,1,1,0,0,0,0,0,Medium
pdf,10513,1,0,1,1,1,0,0,0,0,0,0,0,0,0,0,1,0,0,High
jpg,1033,0,0,0,0,0,0,0,0,0,0,0,0,0,0,0,0,0,0,Low
docx,1960,1,0,1,1,0,0,0,1,0,0,0,1,0,0,1,0,0,0,Medium
csv,671,1,0,0,0,1,0,1,1,0,0,0,0,0,0,1,0,0,0,High
pdf,1776,0,0,0,0,0,0,0,0,0,0,0,0,0,0,0,1,0,0,Medium
docx,5495,0,0,1,0,0,0,0,0,0,0,0,0,1,1,1,0,0,0,Medium
png,1308,0,0,0,0,0,0,0,0,0,0,0,0,0,0,0,0,0,0,Low
txt,716,0,0,0,0,0,0,0,0,0,0,0,0,0,0,0,0,0,0,Low
docx,676,0,0,0,0,0,0,0,0,0,0,0,1,1,0,0,0,0,0,Medium
xlsx,5157,0,0,1,1,0,0,1,0,0,0,0,0,1,0,0,0,0,0,Medium
json,11299,1,1,1,0,0,1,0,1,0,0,0,1,0,0,1,0,0,1,High
docx,7047,1,1,0,0,0,0,0,1,1,0,0,0,0,0,1,0,0,0,High
other,10132,1,0,1,0,0,0,1,0,0,1,0,0,1,0,0,1,0,0,High
docx,4092,0,0,0,0,0,0,0,0,0,1,1,0,0,1,0,0,0,0,Medium
jpg,4166,0,0,0,1,0,0,0,1,0,0,0,0,0,0,0,0,0,0,Medium
txt,9344,0,1,0,0,1,1,1,1,1,1,0,0,0,0,0,1,1,0,High
jpg,1089,0,0,0,1,0,0,0,0,0,0,0,0,1,0,0,0,0,0,Low
json,6844,1,0,1,0,0,0,1,1,0,0,0,0,0,0,1,0,0,0,High
other,5285,0,0,1,0,0,0,0,0,0,0,0,0,0,0,1,0,0,0,Medium
pdf,1537,0,0,1,0,0,0,0,0,0,0,0,1,1,1,0,1,0,0,Medium
txt,924,0,0,0,0,0,0,0,0,0,0,0,0,0,0,0,0,0,0,Low
jpg,1200,0,0,0,0,0,0,0,0,0,0,0,0,0,0,1,0,0,0,Low
png,5587,0,0,1,0,0,0,0,1,0,0,0,0,1,0,1,0,0,0,Medium
pdf,9612,0,1,0,0,0,0,0,1,0,0,1,0,1,1,0,0,0,0,High
png,1415,0,0,0,0,0,0,0,0,0,0,0,0,0,1,1,0,0,1,Medium
jpg,1702,0,0,0,0,0,0,0,0,0,0,0,0,0,0,0,0,0,0,Low
jpg,759,0,0,0,0,0,0,0,0,0,0,0,0,0,0,0,0,0,0,Low
txt,5,0,0,0,0,0,0,0,0,0,0,0,0,0,0,0,0,0,0,Low
png,537,0,0,0,0,0,0,0,0,0,0,0,0,0,0,0,0,0,0,Low
pdf,3387,0,0,0,0,0,0,0,1,0,0,0,1,1,1,1,1,0,0,Medium
csv,6987,0,0,0,0,0,0,0,0,0,0,0,0,1,1,1,1,0,0,Medium
png,1659,0,0,0,0,0,0,0,0,0,0,0,0,0,0,1,0,0,0,Medium
docx,698,0,0,0,0,0,0,1,0,0,0,0,0,0,0,0,0,0,0,Low
jpg,1534,0,0,0,0,0,0,0,0,0,0,0,0,0,0,0,0,0,0,Low
jpg,1736,0,0,0,0,0,0,0,0,0,0,0,1,0,0,0,0,0,0,Low
csv,8196,1,0,1,1,0,0,0,0,0,1,0,0,0,0,0,1,0,1,High
jpg,4272,0,1,0,0,1,0,0,0,0,1,0,0,0,0,0,0,0,0,High
txt,1599,0,0,0,0,0,0,0,0,0,0,0,0,0,0,0,0,0,0,Low
png,843,0,0,0,0,0,0,0,0,0,0,0,0,0,0,0,0,0,0,Low
log,383,0,0,0,1,1,0,0,1,1,0,0,0,0,0,0,0,1,0,High
jpg,3509,1,0,0,1,0,0,0,1,1,1,1,0,0,0,0,0,0,0,High
txt,714,0,1,0,0,0,1,0,1,0,0,1,1,0,0,0,0,1,0,High
csv,1715,0,1,0,0,0,0,0,0,1,0,0,0,0,0,0,1,1,0,High
jpg,6071,0,0,1,0,1,0,0,1,0,0,0,0,0,0,0,0,0,0,Medium
docx,490,0,1,0,0,0,0,0,0,0,0,0,0,0,0,0,0,0,0,Low
png,3899,0,0,0,0,1,0,1,1,0,1,0,0,0,0,0,1,1,0,High
pdf,1384,0,0,0,1,0,0,0,0,0,0,0,1,1,0,1,1,0,0,Medium
png,4865,0,0,0,0,0,0,0,0,0,0,0,0,0,0,0,0,0,0,Medium
jpg,2960,0,0,1,0,1,0,0,0,0,1,1,0,0,0,0,0,0,0,High
pdf,44,0,0,0,0,0,0,0,0,0,0,0,0,0,0,0,0,0,0,Low
csv,1930,0,0,0,0,0,0,0,0,0,0,0,0,0,0,1,0,0,0,Medium
json,7592,0,0,0,1,1,1,1,1,0,1,0,0,0,0,0,0,0,1,High
png,1789,0,0,0,0,0,0,0,0,0,0,0,0,0,0,0,0,0,0,Low
txt,6575,0,1,0,1,0,1,1,1,0,0,0,0,0,0,0,1,1,0,High
xlsx,1044,0,0,1,0,0,0,0,0,0,0,1,0,0,0,0,0,0,0,Low
csv,1963,0,1,1,0,0,1,0,1,0,0,1,0,0,0,0,0,1,0,High
docx,3396,0,0,1,0,0,0,0,0,0,0,0,1,0,1,0,0,0,0,Medium
jpg,788,0,0,0,0,0,0,0,0,0,0,0,1,0,0,0,0,0,0,Low
pdf,4723,0,0,0,1,0,0,1,0,0,0,0,0,0,0,1,1,0,0,Medium
pdf,5923,0,1,0,0,1,1,0,0,0,1,1,0,0,0,1,1,0,1,High
other,1365,0,0,1,0,0,0,0,0,0,0,0,0,0,0,0,0,0,0,Low
txt,1636,0,0,0,0,0,0,0,0,0,0,0,0,0,0,0,0,0,0,Medium
txt,585,0,0,0,0,0,0,0,0,0,0,0,0,0,0,1,0,0,0,Low
pdf,453,0,0,0,0,0,0,0,0,0,0,0,0,0,0,0,0,0,0,Low
txt,1081,0,0,0,0,0,0,0,0,0,0,0,0,0,0,0,0,0,0,Low
png,2364,0,0,0,0,0,0,0,0,0,0,0,0,0,0,1,0,0,0,Medium
png,3295,0,0,0,0,1,0,0,1,1,0,0,0,0,0,0,0,0,0,High
other,3865,0,0,0,0,0,0,0,0,1,0,0,0,1,0,1,0,0,0,Medium
txt,5634,0,0,1,0,0,0,1,1,0,0,1,1,1,1,0,1,0,0,Medium
txt,1562,0,0,0,0,0,0,0,0,0,0,0,0,0,0,1,0,0,0,Medium
jpg,1455,0,0,0,0,0,0,0,0,0,0,0,0,0,1,1,0,0,0,Low
other,5070,0,0,1,0,1,0,1,0,0,0,0,1,1,0,0,0,1,0,High
xlsx,158,0,0,0,0,0,0,0,0,0,0,0,1,0,0,0,0,0,0,Low
other,1649,0,0,0,0,0,0,0,0,0,0,0,0,0,0,0,0,0,0,Low
pdf,175,0,0,0,0,0,0,0,0,0,0,0,0,0,0,0,0,0,0,Low
xlsx,1643,0,0,0,0,0,0,0,0,0,0,0,0,0,0,0,0,0,0,Low
txt,1231,0,0,0,0,0,0,0,0,0,0,0,0,0,0,0,0,0,0,Low
docx,1308,0,0,0,0,0,0,0,0,0,0,0,0,0,0,0,0,0,0,Low
png,991,0,0,0,0,0,0,0,0,0,0,0,0,0,0,0,0,0,0,Low
pdf,981,0,0,0,0,0,0,0,0,0,0,0,0,0,0,0,0,0,0,Low
docx,407,0,0,0,0,0,0,0,0,0,0,0,0,0,0,0,0,0,0,Low
txt,5836,0,0,0,0,0,0,0,0,1,0,0,1,0,1,0,0,0,1,High
json,9648,0,1,0,0,1,0,1,1,0,1,1,1,0,0,1,0,0,1,High
json,5509,1,1,1,1,0,0,0,1,0,1,0,0,1,0,0,0,0,0,High
log,505,1,0,0,0,1,0,1,1,0,0,0,0,0,0,0,0,0,0,High
pdf,2527,0,0,1,1,0,0,0,0,0,0,0,1,0,1,1,1,0,1,Medium
txt,421,0,0,0,0,0,0,0,0,0,0,0,0,0,0,0,0,0,0,Low
docx,10272,1,1,0,0,0,1,1,0,0,0,0,0,0,0,0,0,0,0,High
png,1769,0,0,0,0,0,0,0,0,0,0,0,0,0,0,0,0,0,0,Low
pdf,710,0,1,0,0,0,0,0,0,0,0,0,0,0,0,0,0,0,0,Low
other,11893,0,1,0,0,0,0,1,0,1,0,0,0,0,0,0,0,1,0,High
jpg,1751,0,1,0,1,0,0,0,0,0,1,0,0,1,1,1,0,1,0,High
other,1554,0,0,0,0,0,0,0,0,0,0,0,0,0,0,1,0,0,0,Low
pdf,3129,0,0,1,0,0,0,0,1,0,0,0,0,0,1,1,0,0,0,Medium
csv,10251,0,0,0,0,1,0,0,1,0,0,0,0,0,0,1,1,0,0,High
png,4311,0,0,0,0,0,0,0,1,0,0,0,0,1,0,0,0,0,0,Medium
csv,5675,0,0,0,0,0,0,0,1,0,0,0,0,0,0,0,0,0,0,Medium
pdf,5480,0,1,0,0,0,0,0,0,0,0,0,0,0,1,0,1,0,0,Medium
jpg,5085,0,0,1,1,0,0,1,0,0,0,0,1,1,1,1,0,0,0,Medium
docx,5853,1,0,0,0,0,0,0,0,0,0,0,0,0,0,1,1,1,0,High
xlsx,5697,0,0,1,0,1,0,0,0,0,1,0,0,1,0,0,0,0,0,Medium
pdf,4483,0,0,0,1,0,0,0,1,0,0,0,0,0,0,1,1,1,1,High
png,120,0,0,0,0,0,0,0,0,0,0,0,0,1,0,0,0,0,0,Low
txt,3429,0,0,0,1,0,0,0,0,0,0,0,0,0,0,1,1,0,0,Medium
png,451,0,0,1,0,0,0,0,0,0,0,0,0,0,0,0,0,0,0,Low
txt,6155,0,1,0,1,0,0,1,1,0,1,0,1,0,0,0,0,0,1,High
png,921,0,0,1,1,0,0,0,1,0,0,0,1,0,1,1,0,0,0,Medium
docx,85,0,0,0,0,0,0,0,0,0,0,0,0,0,0,0,0,0,0,Low
docx,5752,0,0,0,0,0,0,0,1,0,0,0,0,0,1,0,0,0,0,Medium
csv,4955,1,1,1,1,0,0,0,0,0,0,0,0,0,0,0,0,1,0,High
docx,190,0,0,0,0,0,0,0,0,0,0,0,0,0,0,1,0,0,0,Low
png,4283,0,0,0,0,0,0,0,0,0,0,0,1,1,0,1,1,0,0,Medium
pdf,11999,0,0,1,1,0,0,1,1,1,0,0,1,0,0,0,0,0,1,High
docx,5652,0,0,0,0,0,0,0,0,0,0,0,0,1,0,0,0,0,0,Medium
png,6005,0,1,1,0,1,0,1,0,0,0,1,0,1,0,0,1,0,1,High
csv,4057,0,0,0,0,0,0,1,0,0,0,0,1,0,0,0,0,0,0,Medium
docx,6563,1,0,0,0,0,0,0,0,0,1,1,1,0,0,1,0,0,1,High
png,10344,1,0,1,0,1,0,0,0,0,0,1,0,0,0,0,0,1,0,High
txt,1725,0,0,0,0,0,0,0,0,0,0,0,0,0,0,0,0,0,0,Low
docx,5844,0,0,1,1,0,0,0,0,0,0,0,1,1,0,0,0,0,0,Medium
csv,5342,0,0,0,0,0,0,0,0,0,0,0,1,1,1,1,0,0,0,Medium
txt,6385,0,0,0,1,0,0,1,1,0,1,0,1,0,0,0,0,0,0,High
jpg,1157,0,0,0,0,0,0,0,0,0,0,0,0,0,0,1,0,0,0,Low
docx,7708,1,0,0,0,1,0,0,1,1,1,0,1,1,0,0,0,0,0,High
docx,976,0,0,0,0,0,0,0,0,0,0,0,0,0,0,0,0,0,0,Low
docx,5353,0,0,0,0,0,0,0,0,0,0,0,0,0,0,1,0,1,0,Medium
png,3927,0,1,0,1,1,0,0,1,1,0,0,0,0,0,0,0,0,1,High
xlsx,3217,1,0,0,1,0,1,0,0,0,0,0,0,0,0,1,0,1,0,High
xlsx,838,0,0,0,0,0,0,0,0,0,0,0,0,0,0,0,0,0,0,Low
xlsx,1461,0,0,0,0,0,0,0,0,0,0,0,1,0,0,1,0,0,0,Low
json,10342,0,0,1,0,0,0,0,0,1,0,0,0,0,0,1,0,0,0,High
pdf,1146,0,0,0,0,0,0,0,1,0,0,0,0,0,0,1,0,0,0,Medium
docx,3363,0,0,1,0,0,0,0,0,0,0,0,0,0,1,1,1,0,0,Medium
jpg,5223,0,0,0,0,0,0,0,0,0,0,0,1,0,0,0,1,0,0,Medium
pdf,5807,0,1,1,0,0,0,1,1,0,0,0,0,1,0,0,0,0,0,High
pdf,2540,0,0,1,0,0,1,1,1,1,0,0,1,1,0,0,0,0,1,High
txt,737,0,0,0,0,0,0,0,0,0,0,0,0,0,0,1,0,0,0,Low
docx,1232,0,0,0,0,0,0,0,0,0,0,0,0,0,0,0,0,0,0,Low
docx,215,1,0,0,0,0,0,0,0,0,0,0,0,0,0,0,0,0,0,Low
pdf,9168,0,0,0,0,1,1,1,0,0,0,0,0,1,0,0,0,0,0,High
csv,9926,0,1,1,1,0,0,0,1,0,0,0,0,0,0,0,0,0,0,High
other,10829,0,0,0,0,0,0,0,0,0,1,0,1,0,0,0,0,1,0,High
docx,5780,0,0,1,0,0,0,1,0,0,0,0,0,0,0,0,0,0,0,Medium
txt,1381,0,0,0,0,0,0,0,0,0,0,0,0,0,0,0,0,0,0,Low
log,3453,1,1,0,1,0,1,0,1,0,0,1,1,0,0,1,0,0,0,High
json,1751,1,0,1,0,0,0,1,0,0,1,0,0,0,0,0,0,0,0,High
jpg,136,0,0,0,0,0,0,0,0,0,0,0,0,0,0,0,0,0,0,Low
xlsx,1004,0,0,1,0,1,0,0,0,0,0,0,1,1,0,1,0,0,0,Medium
pdf,5670,0,0,0,0,0,0,0,0,0,0,0,1,1,0,1,0,0,0,Medium
txt,10035,0,0,0,1,0,0,0,0,0,0,0,0,0,1,1,0,1,0,High
csv,4441,0,1,0,0,0,0,0,1,1,1,1,1,0,0,0,0,0,0,High
xlsx,7566,1,0,1,0,0,1,1,0,1,1,0,0,0,0,0,0,0,0,High
png,608,0,0,0,0,0,0,0,0,0,0,0,0,0,0,0,1,0,0,Low
log,4154,0,1,1,0,1,1,0,1,0,1,0,1,0,0,0,0,1,0,High
other,4005,0,1,0,0,1,1,1,1,0,0,1,0,0,0,0,0,0,0,High
pdf,797,0,0,0,1,0,0,0,1,0,0,0,0,0,0,0,0,0,0,Medium
other,5113,1,1,0,1,0,1,1,0,0,0,0,0,0,0,0,0,0,0,High
xlsx,4141,0,0,0,0,0,0,0,0,0,0,0,1,1,0,1,0,0,1,Medium
xlsx,5138,0,0,0,1,0,0,0,0,0,0,0,0,0,0,1,0,0,0,Medium
pdf,1409,1,0,0,0,0,0,0,0,0,0,0,0,0,0,0,0,0,0,Low
other,216,0,0,0,0,0,0,0,0,0,0,0,0,0,0,0,0,0,0,Low
log,6975,1,0,0,1,0,0,0,0,0,1,1,0,0,0,0,1,1,0,High
pdf,415,0,0,0,0,0,0,0,0,0,0,0,0,1,0,0,0,0,0,Low
xlsx,383,0,0,0,0,0,0,0,0,0,0,0,0,0,0,0,1,0,0,Low
jpg,1248,0,0,0,0,0,0,0,0,0,0,0,0,0,0,0,0,0,0,Low
png,286,0,0,0,0,0,0,0,0,0,0,0,0,0,0,0,0,0,0,Low
csv,7072,0,0,0,1,1,0,0,0,0,0,0,1,0,0,0,0,0,1,High
png,1636,0,0,1,0,0,0,0,0,0,0,0,0,0,0,0,0,0,0,Medium
png,1945,0,0,0,0,0,0,0,0,0,0,0,1,1,1,0,0,0,0,Medium
xlsx,1186,0,0,0,0,0,0,0,0,0,0,0,0,0,0,0,0,0,0,Low
docx,5274,1,0,0,0,0,0,0,1,0,0,0,0,1,1,0,0,0,0,Medium
docx,3838,0,0,0,1,0,0,0,1,1,1,0,0,1,1,1,0,0,0,Medium
txt,6439,0,0,0,0,0,0,0,0,0,0,0,0,0,1,0,0,0,0,Medium
pdf,1100,0,1,0,0,0,0,0,0,1,0,0,1,0,1,0,0,0,1,High
docx,1830,0,0,1,0,0,0,0,0,0,0,0,0,1,1,0,0,0,1,Medium
jpg,1570,0,0,0,0,0,0,0,0,0,0,0,0,0,0,0,0,0,0,Low
xlsx,200,0,0,0,0,0,0,0,0,0,0,0,0,0,0,0,0,0,0,Low
xlsx,1168,0,0,0,0,0,0,0,0,0,0,0,0,0,0,1,1,0,0,Low
png,4606,0,0,0,0,1,0,0,0,0,0,0,0,0,0,0,1,0,0,Medium
txt,416,0,0,1,0,0,0,0,0,0,0,0,0,0,0,1,0,0,0,Medium
other,1142,0,0,1,1,0,0,0,0,0,0,0,0,0,0,0,0,0,0,Low
jpg,1718,0,0,0,0,0,0,0,0,0,0,0,0,0,0,0,0,0,0,Low
other,5151,0,0,0,0,0,0,0,0,0,0,0,0,0,1,0,0,0,0,Medium
csv,11628,1,1,0,0,0,0,0,0,0,1,0,0,1,0,0,0,0,0,High
xlsx,299,0,0,0,0,0,0,0,0,0,0,0,0,0,0,0,0,0,0,Low
pdf,2030,0,0,0,0,0,0,0,0,0,0,0,0,0,1,1,0,0,0,Medium
docx,591,0,1,0,0,0,0,0,0,0,0,0,0,0,1,0,0,0,0,Medium
other,11666,0,0,0,0,1,0,0,1,0,0,0,0,0,0,1,0,0,0,High
docx,4871,0,0,0,0,0,0,0,0,0,0,0,1,0,0,1,1,0,0,Medium
other,5369,0,0,0,0,0,0,0,0,0,0,0,0,1,0,1,1,0,0,Medium
jpg,1364,0,0,0,0,0,0,0,0,0,0,0,0,1,0,0,0,0,0,Low
txt,967,0,0,1,0,0,0,0,0,0,0,0,0,0,1,0,1,0,0,Medium
json,8933,1,1,1,0,0,1,0,1,1,1,0,1,0,0,0,0,1,0,High
docx,1313,0,0,0,0,0,0,0,0,0,0,0,0,0,0,0,0,0,0,Low
pdf,834,1,1,1,1,0,0,0,0,1,0,0,0,0,1,0,0,0,0,High
xlsx,7000,1,0,0,0,0,1,1,1,1,0,0,0,1,0,0,0,0,0,High
txt,1223,0,0,0,0,0,0,0,0,0,0,0,0,0,0,0,0,0,0,Low
png,1625,1,0,1,0,1,0,0,1,1,0,0,0,0,0,0,0,0,0,High
jpg,3656,0,1,0,1,0,1,1,0,1,1,1,0,0,0,1,0,1,1,High
json,9583,1,0,0,1,0,0,1,1,0,0,1,0,1,0,0,0,1,0,High
docx,1535,0,0,0,0,0,0,0,0,0,0,0,0,0,0,0,0,0,0,Low
jpg,206,0,0,0,0,0,0,0,0,0,0,0,0,0,0,0,0,0,0,Low
csv,292,0,0,0,1,0,0,0,0,0,0,0,1,0,1,1,0,0,0,Medium
docx,1156,1,1,1,0,1,0,0,1,1,0,1,0,0,0,0,0,0,0,High
json,7156,0,0,1,1,1,0,0,0,0,0,1,0,0,0,0,0,0,0,High
xlsx,5428,0,0,0,0,0,0,0,1,1,0,0,0,0,0,0,0,0,0,High
jpg,733,0,0,0,0,0,0,0,0,0,0,0,0,0,0,1,0,0,0,Low
other,4068,0,0,0,0,0,0,0,0,0,0,0,1,0,0,1,1,0,0,Medium
csv,7453,0,1,1,0,0,1,0,0,0,0,1,0,0,0,0,1,1,0,High
pdf,3655,0,0,0,0,0,0,0,0,0,0,0,1,1,0,0,1,0,0,Medium
csv,422,0,1,1,0,0,0,1,1,0,0,1,0,0,0,1,0,0,0,High
csv,517,1,1,0,1,0,0,0,0,0,1,0,1,0,0,0,0,0,0,High
other,3530,0,0,0,0,0,0,0,1,0,0,0,1,1,1,0,0,0,0,Medium
csv,4577,0,0,0,0,0,0,0,0,0,0,0,1,1,0,1,0,0,0,Medium
json,9660,1,0,1,1,0,0,1,1,1,0,0,0,0,0,0,0,1,1,High
log,2614,0,1,1,0,0,1,0,0,0,0,1,1,0,0,1,0,1,0,High
png,179,0,0,0,0,0,0,0,0,0,0,0,0,1,0,0,0,0,0,Low
jpg,11256,0,0,0,0,0,0,1,0,0,1,0,0,0,0,0,0,0,0,High
txt,1753,0,0,1,0,0,0,0,0,0,0,0,0,0,0,0,0,0,0,Low
docx,2181,0,0,0,0,0,0,0,0,0,0,0,1,0,0,0,1,0,0,Medium
csv,11856,0,0,1,0,0,0,1,1,1,1,0,0,0,1,0,1,1,0,High
png,6131,0,0,0,1,0,0,0,0,0,0,0,0,1,0,0,0,0,0,Medium
pdf,6360,0,0,1,0,0,0,0,1,0,0,0,0,0,1,0,0,0,0,Medium
other,3035,0,0,0,0,0,0,0,1,0,0,0,0,1,1,1,0,0,0,Medium
txt,94,0,0,0,0,0,0,0,0,0,0,0,0,0,0,0,0,0,0,Low
pdf,2558,0,0,0,0,1,0,0,0,0,0,0,0,0,0,1,1,0,0,Medium
docx,2377,0,0,1,0,0,0,0,0,0,0,0,1,1,0,1,0,0,0,Medium
json,6611,0,1,0,0,0,0,0,1,0,0,1,0,0,0,0,0,0,0,High
png,1569,0,0,0,0,0,0,0,0,0,0,0,0,0,0,1,0,0,0,Low
docx,5741,0,0,1,0,0,0,0,0,0,0,0,1,1,0,0,0,0,0,Medium
jpg,6392,1,0,0,1,1,1,0,0,0,1,0,1,0,0,1,1,0,1,High
png,9921,1,1,0,0,1,0,0,0,1,0,0,0,0,0,0,0,0,0,High
jpg,9820,1,0,0,0,0,0,1,1,0,0,1,0,0,0,0,0,0,0,High
xlsx,4636,0,0,0,0,1,0,0,1,0,0,0,1,0,0,0,0,0,0,Medium
docx,6056,0,0,1,0,0,0,0,0,0,0,0,0,1,1,0,1,0,0,Medium
png,3503,0,0,1,0,0,1,0,0,0,0,1,0,0,0,0,0,0,0,High
csv,9827,0,0,0,0,0,0,0,0,0,1,0,0,0,0,0,0,1,1,High
png,5741,0,0,0,0,0,0,0,1,0,0,0,0,0,1,1,0,0,0,Medium
log,2900,1,0,0,1,0,0,0,0,0,0,0,1,0,0,0,0,0,0,High
txt,3113,1,0,0,1,0,0,0,0,0,0,0,0,0,0,1,0,0,0,Medium
pdf,2932,0,0,0,0,0,0,0,0,0,0,1,0,0,0,1,0,0,0,Medium
other,443,0,0,0,0,0,0,0,0,0,0,0,0,0,0,0,0,0,0,Low
png,11649,1,1,1,0,0,0,0,1,1,1,0,0,0,0,1,0,0,0,High
txt,4907,0,0,1,1,1,1,0,0,0,0,1,0,0,0,0,0,0,0,High
json,5706,0,0,1,0,1,1,0,0,1,1,0,0,0,1,0,0,0,0,High
png,4454,0,0,0,0,0,0,0,0,0,0,0,1,1,0,1,0,0,0,Medium
pdf,1461,0,0,1,0,0,0,0,0,0,0,0,0,0,0,0,0,0,0,Low
pdf,1836,0,0,0,1,0,0,1,0,0,1,0,1,0,1,1,0,0,0,Medium
txt,5064,0,0,0,1,0,0,0,0,0,0,0,1,0,1,1,0,0,0,Medium
jpg,11975,0,0,0,1,0,1,1,1,0,0,0,0,0,0,0,1,0,0,High
xlsx,3191,0,0,1,0,0,0,0,0,0,0,0,0,1,0,0,0,0,1,Medium
jpg,1028,0,1,1,0,0,0,0,0,0,0,0,0,0,0,0,0,0,0,Low
other,5192,0,1,0,1,0,0,1,1,0,0,0,1,1,0,1,0,0,0,Medium
txt,6307,0,0,0,0,0,0,0,1,0,0,0,0,1,1,1,1,0,0,Medium
png,9493,0,0,0,0,1,1,1,1,0,0,0,0,0,0,0,0,1,0,High
txt,10152,0,0,0,0,0,0,0,1,0,0,0,0,0,0,0,0,1,0,High
pdf,5232,0,0,0,1,0,0,1,1,0,0,0,1,1,1,1,0,0,0,Medium
png,3874,0,0,0,1,0,0,0,0,0,0,0,1,0,0,0,0,0,0,Medium
png,6193,1,0,0,0,0,0,1,1,0,1,1,0,0,0,0,0,0,0,High
docx,2996,0,0,1,0,0,0,0,0,0,0,0,1,1,0,0,0,0,0,Medium
pdf,1776,0,0,0,0,0,0,0,0,0,0,0,0,1,0,0,1,0,0,Low
txt,6256,0,0,0,1,0,0,0,1,0,0,0,0,1,1,0,0,0,0,Medium
csv,11498,1,1,1,1,0,0,1,1,0,0,0,0,0,0,0,0,0,0,High
txt,691,0,0,0,0,0,0,0,0,0,0,0,0,0,0,0,0,0,0,Low
txt,912,0,0,0,0,0,0,0,0,0,0,0,0,1,0,0,0,0,0,Low
png,4244,0,0,0,0,0,0,1,1,1,1,0,1,0,0,0,1,0,0,High
txt,226,0,0,0,0,0,0,0,0,0,0,0,0,0,0,0,0,0,0,Low
pdf,776,0,0,0,0,0,0,0,0,0,0,0,0,0,0,0,1,0,0,Low
csv,10512,0,1,0,0,0,0,1,0,0,0,0,0,0,0,0,0,0,0,High
png,5560,0,0,0,0,0,0,0,1,0,0,0,0,0,0,1,1,0,0,Medium
csv,3950,0,0,0,1,0,0,0,0,0,0,0,1,1,1,0,0,0,0,Medium
png,4183,0,0,0,0,0,0,0,0,1,0,0,0,1,1,1,0,0,0,Medium
png,2487,0,0,0,0,0,0,0,0,0,0,0,1,1,0,0,0,0,0,Medium
png,1243,0,0,0,0,0,0,0,0,0,0,0,0,0,0,0,0,0,0,Low
xlsx,1234,0,0,1,1,0,0,0,1,0,0,0,0,1,1,1,0,0,0,Medium
other,3694,0,1,1,0,0,0,0,0,0,0,1,1,0,0,1,0,0,0,High
docx,4114,0,0,0,0,0,0,0,0,0,1,0,0,0,1,1,0,0,0,Medium
txt,11950,0,1,1,0,0,1,1,1,0,0,0,0,0,0,1,1,0,0,High
txt,512,0,0,0,0,0,0,0,0,0,0,0,0,0,0,0,0,0,0,Low
docx,2613,0,0,0,0,0,0,1,0,0,1,0,0,0,0,1,0,0,0,High
docx,937,0,0,0,0,0,0,0,0,0,0,0,0,0,0,0,0,0,0,Low
csv,9264,0,1,1,0,0,0,0,1,0,0,1,0,0,0,0,0,0,0,High
docx,682,0,0,0,0,0,0,0,0,0,0,0,0,0,0,0,0,0,0,Low
xlsx,2296,0,0,0,0,0,0,1,1,1,1,0,0,1,1,0,0,0,0,High
pdf,1570,0,0,0,1,0,0,1,0,0,0,0,0,0,0,0,0,0,0,Medium
json,3379,0,0,0,0,0,1,0,0,1,0,0,1,1,0,0,0,0,0,High
docx,6075,1,0,0,0,0,0,0,1,0,0,0,1,1,0,0,0,0,1,High
pdf,221,0,0,0,0,0,0,0,0,0,0,0,1,0,1,1,0,0,0,Medium
png,1345,0,0,0,0,0,0,0,0,0,0,0,0,1,1,0,0,0,0,Medium
pdf,3699,0,0,1,0,0,0,1,1,0,0,1,0,0,0,1,0,0,0,High
png,6789,0,0,1,0,0,0,0,1,0,1,1,0,0,0,0,0,0,1,High
pdf,2621,0,0,0,1,0,0,0,0,1,0,0,1,0,1,1,1,0,0,Medium
png,1298,0,0,0,0,0,0,0,0,0,0,0,0,0,0,0,0,0,0,Low
xlsx,4690,0,0,0,0,0,0,0,1,1,0,0,0,0,1,1,0,0,0,Medium
other,6012,0,1,0,0,0,0,1,1,1,0,0,0,0,0,1,0,0,0,High
other,10517,0,0,0,0,1,0,0,0,0,0,0,0,0,0,0,0,0,0,High
other,7527,0,0,1,0,1,1,0,1,0,0,0,0,0,0,0,0,0,0,High
jpg,1080,0,0,0,0,0,0,0,0,0,0,0,0,1,0,0,0,0,0,Low
jpg,1355,0,0,0,0,0,0,0,0,0,0,0,0,0,0,0,0,0,0,Low
jpg,1565,0,0,0,0,0,0,0,0,0,0,0,0,0,0,1,0,0,0,Low
xlsx,196,0,0,0,0,0,0,0,0,0,0,0,0,1,0,0,0,0,0,Low
other,3969,0,0,0,0,0,0,0,0,0,0,0,0,0,1,1,0,0,0,Medium
log,4518,0,1,0,0,0,0,1,1,0,0,1,0,0,1,0,1,0,0,High
jpg,768,0,0,0,1,0,0,0,1,0,0,0,0,1,0,1,1,0,1,Medium
jpg,5522,0,0,0,1,0,0,0,0,0,0,0,0,1,1,0,1,1,0,Medium
png,1207,0,0,0,0,0,0,0,0,0,0,0,0,0,0,0,0,0,0,Low
png,1282,0,0,0,0,0,0,0,0,0,0,0,0,0,0,0,0,0,0,Low
xlsx,1506,0,0,0,0,0,0,0,0,0,0,0,0,0,0,0,0,0,0,Low
other,9027,0,1,1,0,0,1,0,1,0,1,0,0,0,0,1,0,1,1,High
png,1285,0,0,0,0,0,0,0,0,0,0,0,1,0,0,0,0,0,0,Low
txt,1266,0,0,0,0,0,0,0,0,0,0,0,0,0,1,0,0,0,0,Low
jpg,1201,0,0,0,0,0,0,0,0,0,0,0,0,0,0,0,0,0,0,Low
jpg,468,0,0,0,0,0,0,0,0,0,0,0,0,1,0,0,0,0,0,Low
jpg,2654,0,1,0,0,0,1,0,0,0,0,0,1,0,0,0,0,0,0,High
docx,1556,0,0,0,0,0,0,0,0,0,0,0,0,0,1,1,0,0,0,Medium
docx,3200,0,0,1,0,0,0,1,0,0,0,0,0,1,0,0,0,0,0,Medium
xlsx,2014,0,0,1,0,0,0,1,0,0,0,1,0,0,1,0,0,0,1,High
png,2365,0,0,1,0,0,0,0,0,0,0,0,0,0,1,1,0,0,0,Medium
png,394,0,0,0,0,0,0,0,0,0,0,0,0,0,0,0,0,0,0,Low
csv,11720,1,1,1,1,1,0,1,1,1,0,0,0,0,0,1,1,0,0,High
jpg,6601,0,1,0,0,0,1,0,0,0,0,1,1,0,0,1,0,0,0,High
png,9759,0,0,0,0,0,0,1,0,1,0,0,0,0,0,0,0,0,0,High
png,7390,0,0,0,0,0,0,0,0,0,1,0,0,0,0,0,0,0,0,High
txt,3080,0,0,0,0,0,0,1,0,0,0,0,1,1,0,0,0,0,0,Medium
png,959,0,0,0,0,0,0,0,0,0,0,0,0,0,0,0,1,0,0,Low
jpg,1758,0,0,0,0,0,0,0,0,0,0,0,0,0,0,0,0,0,0,Low
jpg,1596,1,1,0,0,1,0,0,1,0,1,0,0,1,0,1,1,0,1,High
jpg,9062,0,0,0,0,1,0,0,0,1,0,1,0,0,0,0,0,0,0,High
jpg,7991,1,1,0,0,1,0,0,0,1,0,0,1,0,0,0,0,0,0,High
other,10141,0,0,0,1,0,0,0,0,1,0,0,0,1,0,1,0,1,1,High
jpg,404,0,0,0,0,0,0,0,0,0,0,0,0,0,0,0,0,0,0,Low
pdf,5410,0,0,1,0,0,0,0,0,0,0,0,1,0,0,0,0,0,0,Medium
other,4928,0,1,0,0,0,0,0,1,0,0,0,1,1,0,1,0,0,0,Medium
png,1761,0,0,0,0,0,0,0,0,0,0,0,0,0,0,0,0,1,0,Medium
pdf,5696,0,1,0,0,0,1,1,0,0,0,1,0,0,1,0,0,0,1,High
xlsx,3537,1,0,1,0,0,0,0,0,0,0,0,1,0,0,0,0,0,0,High
pdf,759,0,0,0,0,0,0,0,0,0,0,0,0,0,0,0,0,0,0,Low
txt,2207,0,0,0,1,0,1,0,0,0,0,0,1,0,0,1,0,0,0,Medium
txt,647,0,0,0,0,0,0,0,0,0,0,0,0,0,0,0,0,0,0,Low
png,1292,0,0,0,1,1,0,1,1,1,0,0,0,0,0,0,0,0,0,High
csv,1486,0,0,1,0,0,0,0,0,0,0,0,0,0,1,1,0,0,0,Medium
png,6768,0,1,1,0,0,0,0,0,0,0,0,0,1,1,1,0,0,0,Medium
log,6321,0,1,1,1,0,0,0,0,0,0,0,0,0,0,0,0,0,0,High
txt,1352,0,0,0,0,0,0,0,0,0,0,0,0,0,0,0,0,0,0,Low
pdf,199,0,0,0,0,0,0,0,0,0,0,0,0,0,1,0,0,0,0,Low
txt,167,0,0,0,0,0,0,0,0,0,0,0,0,0,0,0,0,0,0,Low
other,3001,0,0,1,0,0,0,0,0,0,0,0,0,1,0,0,0,0,0,Medium
png,1434,0,0,0,1,0,0,0,0,0,0,0,0,0,1,0,0,0,0,Low
pdf,4027,0,0,0,0,0,0,0,0,0,0,0,1,0,0,1,0,0,0,Medium
txt,7213,0,1,0,0,0,0,0,0,0,0,0,1,0,0,0,0,0,0,High
docx,2777,0,0,0,0,1,0,0,0,0,0,0,1,0,0,0,1,0,0,Medium
txt,1305,0,0,0,0,0,0,0,0,0,0,0,1,0,0,0,0,0,0,Low
docx,943,0,0,1,0,0,0,0,0,0,0,0,0,0,0,0,0,0,0,Low
txt,646,0,0,0,0,0,0,0,0,0,0,0,0,0,0,0,0,0,0,Low
other,6230,1,1,0,0,0,1,0,1,0,1,1,1,0,0,0,1,0,0,High
jpg,425,0,0,0,0,0,0,0,0,0,0,0,0,0,0,0,0,0,0,Low
json,1104,0,1,0,0,1,0,1,1,1,1,0,0,0,0,0,0,0,0,High
pdf,562,0,0,0,0,0,0,0,0,0,0,0,0,0,0,0,0,0,0,Low
jpg,271,0,0,0,1,0,0,0,0,0,0,0,0,0,0,0,0,0,0,Low
pdf,3901,0,0,1,0,0,0,0,0,0,0,0,0,0,1,1,0,0,0,Medium
xlsx,4861,1,1,0,0,1,0,0,0,0,0,0,0,0,0,0,0,0,0,High
png,3262,0,0,0,1,0,0,0,1,0,0,0,1,0,0,0,0,0,0,Medium
other,6169,0,0,0,0,0,0,0,1,0,0,1,1,0,0,0,0,0,1,High
jpg,1528,0,0,1,0,0,0,0,0,0,0,0,1,1,1,1,0,0,0,Medium
csv,4627,0,0,1,1,0,0,0,1,0,0,0,0,1,0,1,0,0,0,Medium
txt,4398,0,1,0,0,1,0,1,1,0,0,0,0,0,1,0,0,1,0,High
txt,11,1,0,0,0,0,0,0,0,0,0,0,0,0,0,0,0,0,0,Low
docx,4060,0,0,0,0,0,0,0,0,0,0,0,1,0,0,1,0,0,0,Medium
png,1961,0,0,1,1,0,0,0,0,0,0,1,0,1,0,0,0,0,0,Medium
txt,1225,0,0,1,0,0,0,0,0,0,0,0,0,0,0,0,0,0,0,Low
jpg,1461,0,1,1,1,0,0,1,1,0,0,0,1,1,0,0,1,0,0,High
other,1981,0,0,0,0,0,0,0,1,0,1,0,0,1,1,0,0,0,0,Medium
docx,3100,0,0,0,0,0,0,0,0,0,0,0,0,1,1,1,0,0,0,Medium
xlsx,5585,0,1,0,0,1,1,0,0,1,0,1,0,0,0,0,1,1,0,High
txt,901,0,0,0,0,0,0,0,0,0,0,0,0,0,1,0,0,0,0,Low
xlsx,6957,1,0,0,0,0,0,0,1,0,1,0,0,0,0,0,0,0,0,High
xlsx,1707,0,0,0,0,0,0,0,0,0,0,0,0,0,0,0,0,0,0,Low
pdf,6004,0,0,1,0,0,1,0,1,0,0,0,0,0,0,0,0,0,0,Medium
jpg,10042,0,0,0,0,0,0,0,1,0,1,0,0,0,0,0,0,0,1,High
pdf,454,0,0,1,1,0,0,0,0,0,0,0,1,1,0,0,0,0,0,Medium
docx,1904,0,0,0,0,0,0,0,0,0,0,0,1,0,0,0,1,0,0,Medium
txt,2413,0,0,0,0,0,0,1,0,0,0,0,1,1,0,0,0,0,1,High
jpg,793,0,0,0,0,0,0,0,0,0,0,0,0,0,0,0,0,0,0,Low
png,8037,1,1,1,0,1,0,0,0,0,0,1,1,0,1,0,0,1,0,High
docx,1660,0,0,0,0,0,0,0,1,0,0,0,0,1,0,0,0,0,0,Low
other,982,0,0,0,0,0,0,0,0,0,0,0,0,0,0,0,0,0,0,Low
pdf,541,0,0,0,0,0,0,0,0,0,0,0,0,0,0,0,0,0,0,Low
csv,7320,1,1,0,0,0,0,1,0,0,1,1,0,0,0,1,0,0,1,High
txt,1437,0,0,0,0,0,0,0,0,0,0,0,0,0,1,0,1,0,0,Low
jpg,2085,0,0,0,0,0,0,0,0,0,0,0,0,0,0,0,0,0,0,Medium
txt,3196,0,0,1,0,1,0,1,0,1,0,0,0,0,0,0,0,1,1,High
png,1295,0,0,0,0,0,0,0,0,0,0,0,0,0,0,0,0,0,0,Low
pdf,1281,0,1,0,1,0,0,0,0,0,1,1,0,0,0,0,1,0,0,High
xlsx,115,0,0,0,0,0,0,0,0,0,0,0,0,0,0,1,0,0,0,Low
png,5163,0,0,0,0,0,0,0,0,0,0,0,1,1,0,1,0,0,0,Medium
docx,3517,0,0,0,0,0,0,0,0,0,0,0,0,1,1,0,1,0,0,Medium
png,8571,1,0,0,1,0,1,1,0,1,0,0,0,0,0,0,0,0,1,High
other,884,0,0,0,0,0,0,0,0,0,0,0,0,0,0,0,0,0,0,Low
xlsx,6343,0,0,1,0,0,0,0,0,0,0,1,0,0,0,1,0,0,0,Medium
png,877,0,1,1,0,0,0,1,0,0,0,0,0,0,0,0,0,0,0,High
pdf,3469,1,1,1,0,0,1,1,1,0,1,0,0,0,0,0,0,0,0,High
docx,747,0,0,1,0,0,0,0,0,0,0,0,0,0,1,1,0,0,0,Medium
other,2573,1,1,1,1,0,0,1,0,0,1,0,0,0,0,0,0,0,0,High
jpg,1981,0,1,1,1,0,0,0,1,0,0,0,0,0,0,0,0,0,0,High
docx,5693,0,0,1,0,0,0,0,1,0,0,0,1,0,1,1,1,0,0,Medium
log,2737,0,1,1,0,0,0,1,1,0,1,0,0,0,0,0,0,0,0,High
docx,7929,1,1,1,0,0,1,0,0,0,1,0,0,0,0,1,0,1,1,High
other,318,0,0,0,0,0,0,0,0,0,0,0,0,0,0,0,0,0,0,Low
png,1027,0,0,0,0,0,0,0,0,0,0,0,0,0,0,0,0,0,0,Low
png,540,0,0,0,0,0,0,0,0,0,0,0,0,0,0,0,0,0,0,Low
pdf,2556,0,0,1,0,0,0,0,0,0,1,0,1,1,1,0,1,1,0,Medium
pdf,879,0,0,0,1,0,0,0,0,0,0,0,0,0,0,0,1,0,0,Medium
xlsx,1243,0,0,0,0,0,0,0,0,0,0,0,0,0,0,0,0,0,0,Low
jpg,108,0,0,0,0,0,0,0,0,0,0,0,1,1,1,0,0,1,0,Medium
other,4922,0,0,0,0,0,0,0,0,1,0,0,0,0,0,0,0,1,0,High
docx,602,0,0,0,0,0,0,0,0,0,0,0,0,1,0,0,0,0,0,Medium
other,5379,0,0,1,0,0,0,0,0,0,0,0,1,1,1,1,1,0,0,Medium
other,10922,1,0,0,0,1,1,0,1,0,0,0,0,0,0,0,1,0,1,High
docx,1247,0,0,0,0,0,0,0,0,0,0,0,0,0,0,0,0,0,0,Low
other,2721,0,0,0,0,0,0,0,1,0,0,0,1,0,0,1,1,0,0,Medium
pdf,210,0,0,0,0,0,0,0,0,0,0,0,0,0,0,0,0,0,0,Low
txt,1288,0,0,0,0,0,0,0,0,0,0,0,0,0,0,0,0,0,0,Low
jpg,451,0,0,0,0,0,0,0,0,0,0,0,0,0,0,0,0,0,0,Low
png,285,0,0,0,0,0,0,0,0,0,0,0,0,1,0,0,1,0,0,Medium
log,6390,1,1,0,0,0,0,0,0,1,0,0,0,0,0,0,0,0,0,High
png,2841,0,0,1,1,0,0,0,1,0,0,0,0,0,0,0,1,1,1,High
txt,1480,0,0,0,0,0,0,0,1,1,0,0,0,0,1,0,0,0,1,High
json,4587,1,0,0,0,0,0,0,1,0,0,1,0,1,0,1,0,0,0,High
docx,1523,0,0,0,0,0,0,0,0,0,0,0,0,0,0,0,0,0,0,Low
jpg,589,0,0,0,0,0,0,0,0,0,0,0,0,0,0,1,0,0,0,Low
docx,6429,0,0,0,0,0,0,0,0,0,0,0,0,0,0,1,0,0,0,Medium
docx,5848,0,0,0,0,0,0,0,0,0,0,0,0,0,0,1,0,0,0,Medium
png,3019,0,0,1,0,0,0,0,0,0,0,0,0,1,0,0,1,0,0,Medium
pdf,4080,0,0,0,0,0,0,0,0,0,0,1,0,0,1,1,1,0,0,Medium
jpg,154,0,0,0,0,0,0,0,0,0,0,0,0,0,0,0,0,0,0,Low
docx,1528,1,1,0,0,1,0,0,1,1,1,0,0,0,0,0,1,0,0,High
png,1227,0,0,0,0,0,0,0,0,0,0,0,0,0,0,0,0,0,0,Low
pdf,4494,0,0,0,0,0,0,1,0,0,0,0,1,1,1,1,0,0,0,Medium
other,1058,0,0,0,0,0,0,0,0,0,0,0,0,0,0,0,0,0,0,Low
png,3171,0,0,0,1,0,0,0,0,0,0,0,0,0,1,0,0,0,1,Medium
pdf,172,0,0,0,0,0,0,0,0,0,0,0,0,0,0,0,0,0,0,Low
png,7968,0,0,0,0,0,1,1,0,0,0,0,0,0,0,0,0,0,0,High
jpg,514,0,0,0,0,0,0,0,0,0,0,0,0,0,0,0,0,0,0,Low
other,9633,0,0,0,0,1,0,0,1,0,0,1,0,0,0,0,0,0,0,High
xlsx,2337,0,0,1,0,0,0,0,0,0,0,0,0,1,0,1,0,0,0,Medium
other,148,0,1,0,0,0,0,1,0,0,0,0,0,0,0,0,0,0,0,Low
jpg,220,0,0,0,0,0,0,0,0,0,0,0,0,0,0,0,0,0,0,Low
other,1689,0,0,0,0,0,0,0,0,0,0,0,0,0,0,0,0,0,0,Low
jpg,11006,0,0,1,0,1,0,0,0,0,0,0,0,1,0,0,1,1,1,High
xlsx,675,0,0,1,1,1,0,1,1,0,0,0,1,0,0,1,0,0,0,High
pdf,2840,0,1,0,0,0,0,0,0,1,0,0,0,0,0,0,0,1,0,High
csv,10707,1,0,0,1,0,0,1,0,1,0,0,0,0,0,0,0,0,0,High
pdf,537,0,0,0,0,0,0,0,0,0,0,0,1,1,0,0,0,0,0,Low
jpg,9400,0,1,0,0,0,0,1,1,0,1,0,0,0,0,0,1,0,0,High
xlsx,853,0,0,0,1,0,0,1,0,0,0,0,1,1,0,1,0,0,0,Medium
pdf,3578,0,0,1,0,0,0,0,0,0,0,0,1,0,0,1,0,0,0,Medium
other,10946,0,0,0,0,1,0,0,1,0,0,0,0,0,0,0,0,0,0,High
other,5576,0,1,1,0,0,0,0,0,0,0,0,1,0,0,0,1,0,0,Medium
pdf,543,1,0,0,0,1,1,1,0,0,0,1,1,0,1,0,0,1,0,High
other,407,0,0,0,0,0,0,0,1,0,0,0,0,0,0,0,0,0,0,Low
jpg,1019,0,0,0,0,0,0,0,0,0,0,0,0,0,0,1,0,0,0,Low
jpg,579,0,0,0,0,0,0,0,0,0,0,0,0,0,0,1,0,0,0,Low
pdf,918,0,0,0,0,0,0,0,0,0,0,0,0,0,0,0,0,0,0,Low
txt,1171,0,0,1,0,0,0,0,0,0,0,0,0,0,0,0,0,0,0,Low
jpg,3637,0,0,0,0,0,0,0,0,0,0,0,0,1,1,1,0,0,0,Medium
jpg,65,0,0,0,0,0,0,0,0,0,0,0,0,0,0,0,0,0,0,Low
docx,3463,0,0,0,0,0,0,0,0,0,0,0,0,1,0,0,0,0,0,Medium
pdf,4093,0,0,1,0,0,0,0,0,0,0,0,1,1,0,1,1,0,0,Medium
png,964,0,0,0,0,0,0,0,0,0,0,0,0,0,0,1,0,0,0,Low
jpg,754,0,0,0,0,0,0,0,0,0,0,0,0,0,1,0,0,0,0,Low
txt,97,0,0,0,0,0,0,0,0,0,0,0,0,0,0,0,0,0,0,Low
pdf,123,0,0,1,0,0,0,0,0,0,0,0,0,1,0,0,0,0,0,Medium
pdf,313,0,0,0,0,0,0,0,0,0,0,0,0,1,0,1,0,0,0,Low
other,858,0,0,0,0,0,0,0,0,0,0,0,0,0,1,1,0,0,0,Low
xlsx,6923,0,0,1,0,0,0,0,0,0,0,0,0,1,1,1,1,0,0,Medium
other,1295,0,0,0,0,0,0,0,0,0,0,0,0,0,1,0,0,0,0,Low
jpg,4004,0,0,1,0,0,0,0,0,0,0,0,1,0,0,0,0,1,0,Medium
csv,6935,1,1,0,0,1,0,0,1,0,1,0,0,0,0,1,0,0,0,High
png,1425,1,0,0,0,0,0,0,1,0,0,0,1,0,0,1,0,0,1,High
xlsx,11653,0,0,0,1,1,1,0,1,0,1,1,0,0,0,0,0,0,0,High
jpg,1070,0,0,1,0,0,0,0,0,0,0,0,0,0,0,0,0,0,0,Low
pdf,1564,0,0,1,0,0,0,1,1,0,0,0,1,0,0,1,1,0,1,Medium
docx,9114,0,0,0,0,0,0,0,0,0,0,0,0,0,0,1,0,0,1,High
jpg,1558,0,0,0,1,1,0,1,0,1,1,0,0,1,0,0,0,0,1,High
docx,11245,0,0,1,0,0,0,0,0,1,0,1,0,0,0,0,0,0,0,High
other,244,1,0,0,0,0,1,1,1,0,1,0,0,0,0,0,0,0,1,High
png,4463,0,0,0,0,0,0,1,1,0,1,1,0,1,0,1,0,0,1,High
txt,7811,1,1,0,0,1,1,0,1,0,1,1,1,0,0,0,1,0,0,High
docx,4568,0,0,0,0,0,0,0,0,0,0,0,1,1,1,1,0,0,0,Medium
other,1694,0,0,0,0,0,0,0,0,0,0,0,0,0,0,0,0,0,0,Low
txt,6070,0,0,1,0,0,0,1,0,1,0,0,0,0,0,0,0,0,1,High
txt,8459,0,0,0,0,0,0,0,1,0,0,0,1,1,0,0,0,1,0,High
xlsx,1512,0,0,0,1,0,0,0,1,0,0,0,0,0,0,0,0,0,0,Low
jpg,1061,0,0,0,0,0,0,0,0,0,0,0,1,0,1,0,0,0,0,Low
pdf,2948,0,0,1,0,0,0,0,0,0,0,0,1,1,0,1,1,0,0,Medium
xlsx,5146,0,0,1,0,0,0,0,0,0,1,0,1,0,0,1,0,0,0,Medium
pdf,6309,0,0,1,0,0,0,0,0,0,0,0,1,0,1,1,0,0,1,Medium
other,1335,0,0,0,0,0,0,0,0,0,0,0,0,0,1,0,0,0,0,Low
pdf,605,0,0,1,0,0,0,0,0,0,0,0,0,0,1,0,0,0,0,Medium
jpg,5232,0,1,1,1,1,1,1,1,0,1,0,1,0,0,0,0,0,0,High
txt,294,0,1,0,0,0,0,0,0,0,0,0,1,1,0,1,0,0,0,Medium
other,902,0,0,0,0,0,0,0,0,0,0,0,1,0,0,0,0,0,0,Low
png,1727,0,0,0,1,0,0,0,0,0,0,0,0,0,0,0,1,0,0,Low
xlsx,3978,0,0,0,0,0,0,0,0,0,0,0,1,1,0,1,0,0,0,Medium
docx,136,0,0,1,0,0,0,0,0,0,0,0,0,0,0,0,1,0,0,Medium
png,8502,1,0,0,1,1,0,1,1,0,0,0,0,0,0,0,0,0,0,High
pdf,1243,0,0,0,0,0,0,0,0,0,0,0,0,1,1,0,0,0,0,Medium
txt,4188,0,1,0,1,1,0,0,1,1,1,0,0,0,0,0,0,1,0,High
jpg,2764,0,0,0,0,0,0,0,0,0,0,0,0,1,1,1,0,0,0,Medium
xlsx,3244,0,0,0,0,1,0,1,1,0,1,0,0,1,0,0,1,0,0,High
txt,2048,1,1,0,0,0,0,0,0,0,1,0,1,0,0,1,0,0,0,High
log,249,1,0,0,1,1,1,0,1,0,0,0,0,0,0,0,1,1,0,High
other,11046,0,0,1,0,0,0,0,0,0,1,1,0,0,0,0,0,0,1,High
png,839,0,0,0,0,0,0,0,0,0,0,0,0,1,1,0,0,0,0,Low
other,1766,0,0,0,0,0,0,0,0,0,0,0,0,0,0,0,0,0,0,Low
png,168,0,0,1,0,0,0,0,0,0,1,0,1,1,1,0,1,0,0,Medium
log,601,0,0,1,0,0,0,0,1,1,0,1,1,0,1,0,0,0,1,High
docx,10606,1,1,0,0,0,0,0,0,0,0,0,0,0,0,0,0,1,0,High
pdf,1737,0,0,0,0,0,0,0,0,0,0,0,0,0,1,0,0,0,0,Low
json,10294,1,1,0,0,0,0,0,1,0,0,0,0,0,0,1,0,1,0,High
jpg,9423,1,1,1,1,0,0,0,1,0,1,0,0,0,1,0,0,0,0,High
jpg,6158,0,1,1,0,0,0,0,0,0,0,0,0,0,0,1,0,0,0,Medium
other,1548,0,0,1,0,0,0,0,0,0,0,0,0,0,0,0,0,0,0,Low
txt,10327,1,0,0,1,0,0,0,0,0,1,1,0,0,0,0,0,0,1,High
txt,3041,0,0,1,1,0,0,0,0,1,0,0,0,1,1,1,0,0,0,Medium
txt,3816,0,0,0,1,0,0,0,0,0,0,0,0,1,1,0,0,0,1,Medium
pdf,6327,0,0,0,0,0,0,0,0,0,0,0,0,1,1,0,0,0,0,Medium
docx,5282,0,0,0,0,0,0,0,0,0,0,0,0,0,0,0,0,0,0,Medium
pdf,2745,0,0,1,0,0,0,0,0,0,0,0,0,0,1,1,0,0,0,Medium
pdf,6933,0,0,0,0,0,0,0,0,0,0,0,0,1,0,0,1,0,0,Medium
txt,8469,0,1,0,0,1,0,1,0,1,1,1,0,0,0,0,1,0,0,High
jpg,1099,0,0,0,0,0,0,0,0,0,0,0,0,0,0,0,0,0,0,Low
jpg,595,0,0,0,0,0,0,0,0,0,0,0,0,0,0,0,0,0,0,Low
jpg,4945,0,0,1,0,0,0,0,1,0,0,0,0,0,0,1,1,1,0,Medium
png,11700,1,1,1,0,0,0,0,1,0,0,1,0,0,0,1,0,1,0,High
txt,8403,0,0,0,0,0,0,1,0,1,1,0,0,0,0,0,0,1,1,High
docx,1967,0,0,0,0,0,0,0,1,0,0,0,0,1,0,1,0,0,0,Medium
pdf,749,0,0,0,0,0,0,0,0,0,0,0,0,0,0,0,0,0,0,Low
pdf,5892,0,0,0,0,0,0,0,0,0,0,0,1,1,0,1,0,0,0,Medium
docx,940,0,0,0,0,0,0,0,0,0,0,0,0,0,0,0,0,0,0,Low
other,3898,0,0,1,0,0,0,0,0,0,0,0,0,0,0,0,1,0,0,Medium
docx,11319,0,0,0,1,1,1,0,1,1,0,0,0,0,0,0,0,0,0,High
pdf,1720,0,0,0,0,0,0,0,0,0,0,0,0,0,0,0,0,0,0,Low
other,2938,0,1,1,0,0,0,0,0,0,1,1,0,0,0,0,0,1,1,High
pdf,399,0,0,0,0,0,0,0,0,0,0,0,0,0,0,0,0,0,0,Low
xlsx,201,0,0,0,0,0,0,0,0,0,0,0,0,0,0,0,0,0,0,Low
jpg,4328,0,0,0,0,0,0,0,0,0,0,0,1,0,1,0,0,0,0,Medium
png,5765,0,0,1,1,0,0,0,0,0,0,0,1,1,1,1,0,0,0,Medium
log,6007,0,0,0,1,1,0,0,1,0,1,0,1,0,0,0,0,0,0,High
csv,4843,0,1,0,0,0,0,0,0,0,0,0,0,1,0,1,0,0,0,Medium
csv,3895,0,0,1,1,0,0,0,1,0,1,0,0,0,0,0,0,0,0,Medium
other,1455,1,0,0,1,1,1,0,0,0,1,1,0,0,0,0,0,0,1,High
docx,1982,0,0,0,0,0,0,1,0,0,0,0,0,1,0,0,0,0,0,Medium
xlsx,4490,0,0,1,0,0,0,1,0,0,0,1,0,1,0,0,0,0,0,High
xlsx,1536,0,0,0,1,0,0,0,0,0,0,0,0,1,0,0,0,0,0,Low
jpg,1197,0,0,0,0,0,0,0,0,0,0,0,0,0,0,0,0,0,0,Low
other,1239,1,0,0,0,0,0,0,1,0,0,0,0,1,0,0,0,0,0,High
other,1226,0,0,0,0,0,0,0,0,0,0,0,0,0,0,0,0,0,0,Low
txt,5834,1,0,0,0,0,0,0,1,0,0,1,0,0,0,0,0,0,0,High
pdf,805,0,0,0,0,0,0,0,0,0,0,0,0,0,1,1,0,0,0,Low
pdf,1496,0,0,0,0,0,0,0,0,0,0,0,0,0,0,1,0,0,0,Low
docx,4081,0,0,0,0,0,0,0,0,0,0,0,0,1,0,1,0,0,0,Medium
jpg,217,0,0,0,0,0,0,0,0,0,0,0,0,0,0,0,0,0,0,Low
other,6607,0,0,1,1,0,0,0,0,0,0,0,0,1,1,1,0,0,0,Medium
png,1714,0,0,1,0,0,0,0,0,0,0,0,0,0,1,0,0,0,0,Low
jpg,1062,0,0,0,0,0,0,0,0,0,0,0,0,0,0,0,0,0,0,Low
docx,2498,0,0,0,0,0,0,0,1,0,0,0,0,1,0,1,1,0,0,Medium
csv,261,0,0,0,0,0,0,0,0,0,0,0,1,1,1,1,1,0,0,Medium
csv,10756,0,0,1,0,0,0,1,1,0,1,0,0,1,0,0,0,0,0,High
txt,4781,1,0,0,0,0,0,1,0,0,1,0,0,1,0,0,1,0,0,High
csv,5416,0,0,0,0,0,0,0,1,0,0,0,0,0,0,1,0,0,0,Medium
other,10140,0,0,0,1,0,0,0,1,0,1,0,0,1,0,0,0,0,0,High
xlsx,2783,0,0,0,1,0,0,1,0,0,0,1,0,1,1,1,0,1,1,High
docx,6923,0,0,0,1,0,0,0,1,0,0,0,1,0,0,1,1,0,0,Medium
csv,6105,0,0,0,0,0,0,0,0,0,0,0,0,1,0,0,0,0,0,Medium
docx,5428,0,0,1,0,0,0,0,0,0,0,0,0,1,0,0,0,0,0,Medium
pdf,1448,0,0,1,0,0,1,0,0,0,0,0,0,1,0,0,1,0,0,Medium
txt,1357,0,0,0,0,0,0,0,0,0,0,0,0,0,0,0,0,0,0,Low
csv,1051,1,1,1,0,0,0,1,0,0,0,0,0,0,0,0,1,1,0,High
png,2620,1,0,1,0,0,1,0,0,0,0,0,0,0,0,0,0,0,1,High
jpg,4106,0,0,1,0,0,0,1,1,0,0,0,0,0,1,1,1,0,0,Medium
docx,197,0,0,1,0,0,0,0,0,0,0,0,0,0,0,1,0,0,0,Medium
other,2941,1,0,0,0,0,0,1,0,0,1,0,1,0,0,0,1,0,0,High
log,9494,0,1,0,1,0,0,1,0,0,0,1,0,0,1,0,0,0,0,High
png,1510,1,1,0,0,0,0,1,1,1,0,1,1,0,1,0,0,1,0,High
txt,1583,0,0,0,0,0,0,0,0,0,0,0,0,0,0,0,0,0,0,Low
other,6705,1,1,1,0,0,0,0,0,1,0,0,1,0,1,0,0,0,0,High
docx,3114,0,1,1,0,0,0,0,0,1,0,0,0,1,0,0,0,0,0,Medium
xlsx,4120,0,0,0,1,0,0,0,0,0,0,0,0,0,0,1,0,0,0,Medium
txt,316,0,0,0,0,0,0,0,0,0,0,0,0,1,0,0,0,0,0,Low
xlsx,942,0,0,0,0,0,0,0,0,0,0,0,0,0,0,1,0,0,0,Low
docx,1174,0,0,0,0,0,0,0,0,0,0,1,1,0,0,1,0,0,1,High
other,791,0,0,0,0,0,0,0,0,0,0,0,0,0,0,0,0,0,0,Low
txt,5683,1,1,1,0,0,1,0,1,1,0,0,0,0,1,0,0,0,0,High
other,7319,0,0,1,1,0,0,0,0,0,0,0,0,1,0,0,0,1,0,High
docx,1235,0,0,1,0,1,0,0,0,1,0,0,0,1,0,1,0,1,1,High
jpg,710,0,0,0,1,0,0,0,0,0,0,0,0,0,0,0,0,0,0,Low
pdf,1536,0,0,0,0,1,0,1,0,1,0,0,0,0,0,0,0,0,0,High
jpg,6638,1,0,0,0,0,1,0,0,0,0,0,0,0,0,1,0,0,0,High
pdf,1374,0,1,1,0,0,0,0,1,0,0,0,0,0,1,1,0,0,0,Medium
other,6480,0,0,0,0,0,0,0,0,0,0,0,0,1,0,1,0,0,0,Medium
docx,586,0,0,0,0,1,0,1,0,1,0,0,0,0,0,0,0,1,0,High
txt,5218,0,1,0,0,0,0,1,1,1,0,0,0,0,0,1,1,0,0,High
jpg,1488,0,0,0,0,1,1,0,1,1,0,0,0,0,0,0,0,0,0,High
json,3837,0,1,0,0,0,0,0,1,0,0,0,0,0,0,0,1,1,0,High
csv,1814,0,0,1,0,0,0,1,1,0,0,0,0,1,1,0,1,0,0,Medium
txt,953,0,0,0,0,0,0,0,0,0,0,0,0,0,0,0,0,0,0,Low
xlsx,5274,1,1,1,0,0,0,0,0,1,0,0,0,0,0,0,0,0,0,High
jpg,5980,0,0,1,1,0,0,0,0,0,0,0,0,0,0,1,1,0,0,Medium
png,4354,0,0,0,1,0,0,0,0,0,0,0,1,1,0,1,0,0,0,Medium
jpg,2217,1,0,0,0,1,0,1,0,0,0,0,1,1,0,0,0,1,1,High
jpg,3855,0,0,1,1,0,0,1,0,0,0,0,0,0,1,1,0,0,0,Medium
docx,5747,0,0,1,1,0,0,0,1,0,0,0,0,1,0,1,0,0,0,Medium
png,729,0,0,1,0,0,0,0,1,0,0,0,0,1,0,1,0,0,0,Medium
jpg,6978,0,0,0,0,0,0,0,1,0,1,0,0,0,0,1,0,0,0,High
docx,1018,0,0,1,0,0,0,0,0,0,0,0,0,0,0,0,0,0,0,Low
png,3569,0,0,0,0,0,0,1,0,0,0,0,0,0,0,1,0,0,0,Medium
txt,1659,0,0,0,1,0,0,0,0,0,0,0,0,0,0,0,0,0,0,Low
pdf,10798,0,0,1,0,0,0,0,1,0,1,1,1,0,0,0,1,0,0,High
csv,4691,0,0,0,1,0,0,1,0,0,0,0,0,1,0,1,0,0,0,Medium
txt,1834,0,0,1,0,0,0,0,0,0,0,0,0,1,0,0,1,1,1,Medium
txt,920,0,0,0,0,0,0,1,0,0,0,0,1,1,1,1,1,0,1,Medium
docx,1381,0,0,0,0,0,0,1,0,0,0,0,0,1,0,0,0,0,0,Low
docx,1334,0,0,1,0,0,0,0,0,0,0,0,0,1,0,0,0,0,0,Low
pdf,5400,0,0,1,0,0,0,0,0,0,0,0,0,1,1,1,1,1,0,Medium
txt,1105,0,0,0,0,0,0,0,0,0,0,0,0,0,0,0,0,0,0,Low
txt,1037,0,0,0,0,0,0,0,0,0,0,0,0,0,0,1,0,0,0,Low
pdf,4566,1,0,0,0,0,1,1,0,0,0,0,0,1,0,0,1,0,0,High
pdf,2173,0,0,0,0,0,0,1,1,0,0,0,0,1,1,0,0,0,0,Medium
csv,5926,0,0,1,0,0,0,0,0,0,0,0,0,1,1,0,0,0,0,Medium
pdf,1749,0,0,0,0,0,0,0,0,0,0,0,0,0,0,0,0,0,0,Low
pdf,1679,0,0,0,0,0,0,0,0,0,0,0,0,0,0,0,0,0,0,Low
pdf,1546,0,0,0,0,0,0,0,0,0,0,0,0,0,0,0,0,0,0,Low
other,6726,0,0,0,1,0,0,0,0,0,0,0,1,0,0,1,0,0,0,Medium
xlsx,284,0,0,0,0,0,0,0,0,0,0,0,0,0,0,0,0,0,0,Low
jpg,134,0,0,0,0,0,0,0,0,0,0,0,0,0,0,0,0,0,0,Low
pdf,3318,1,0,0,0,1,0,1,0,0,1,0,0,0,0,0,0,0,0,High
csv,2484,0,0,1,0,0,0,0,1,0,0,0,0,1,0,0,1,1,0,High
other,6343,0,0,0,1,0,0,0,0,0,0,0,1,0,1,0,0,0,0,Medium
png,3673,0,0,0,0,0,0,0,0,0,0,0,1,0,0,0,1,0,1,Medium
json,8616,0,1,0,0,1,1,0,1,0,1,1,0,0,0,1,0,0,0,High
png,2363,0,0,0,0,0,0,0,0,0,0,0,0,1,0,1,0,0,0,Medium
docx,109,0,0,0,0,0,0,0,0,0,0,0,0,0,0,0,0,0,0,Low
docx,1297,0,0,0,0,0,0,0,0,0,0,0,1,1,0,0,0,0,0,Low
csv,5029,0,1,1,0,0,0,0,0,0,0,0,0,1,0,1,0,0,0,Medium
txt,835,0,0,0,0,0,0,0,0,0,0,0,1,0,0,0,0,0,0,Medium
pdf,8354,0,1,0,1,0,0,1,1,1,0,0,0,0,0,0,1,1,0,High
csv,398,0,0,0,0,0,0,0,0,0,0,0,0,1,0,1,0,0,0,Medium
csv,5929,0,0,0,1,0,0,1,0,0,0,0,1,0,1,1,0,0,0,Medium
jpg,1488,0,0,0,0,0,0,0,0,0,0,0,1,0,0,0,0,0,0,Low
jpg,1746,0,0,0,0,0,0,0,0,0,0,0,0,0,0,0,0,0,0,Low
pdf,4653,1,1,0,0,1,0,0,1,0,0,0,0,0,0,0,0,0,1,High
jpg,3407,0,0,0,0,0,0,0,1,1,0,0,1,0,0,0,0,0,0,High
xlsx,5809,0,0,1,0,0,0,0,0,0,0,0,1,1,1,1,0,0,0,Medium
other,652,0,0,0,0,0,0,0,0,0,0,0,1,0,0,1,0,0,0,Medium
jpg,331,0,0,0,0,0,0,0,0,0,0,0,1,0,0,0,0,0,0,Low
txt,3571,0,1,0,0,0,0,1,0,0,1,0,0,0,0,0,0,0,0,High
log,5730,1,0,0,0,0,0,1,1,0,1,0,0,0,1,0,0,0,0,High
docx,2157,1,0,1,0,0,0,0,1,0,0,0,0,0,0,0,0,1,1,High
txt,5300,0,0,0,1,0,0,0,0,0,0,0,1,1,0,0,0,0,0,Medium
xlsx,3642,1,0,1,1,1,1,0,0,0,0,0,0,0,1,0,0,0,0,High
jpg,2451,1,0,0,0,0,0,0,0,0,0,0,0,1,1,0,0,0,0,High
txt,371,0,0,0,1,0,0,1,0,0,0,0,0,1,1,0,0,0,0,Medium
txt,326,0,0,0,0,0,0,0,0,0,0,0,0,0,0,0,0,0,0,Low
other,6185,0,1,1,0,1,0,0,1,1,1,0,1,0,1,0,0,0,0,High
txt,4476,0,0,0,1,0,0,1,0,0,1,0,1,0,0,0,0,0,0,High
xlsx,2967,0,0,0,1,0,0,0,0,0,0,0,0,0,0,0,0,0,0,Medium
xlsx,1391,0,0,0,1,0,0,0,0,0,0,0,1,0,0,1,0,0,0,Medium
other,7420,1,0,0,0,0,0,0,0,0,1,0,0,0,1,0,0,1,0,High
xlsx,864,0,0,0,0,0,0,0,0,0,0,0,0,0,0,0,1,0,0,Low
txt,6587,0,0,0,0,0,0,0,1,0,0,0,0,0,0,1,0,0,0,Medium
other,8469,1,1,0,0,0,0,0,1,1,1,0,1,0,0,0,1,0,1,High
txt,2239,0,0,0,0,0,0,0,1,0,0,0,0,1,0,1,0,0,0,Medium
jpg,1312,0,0,0,0,0,0,0,0,0,0,0,0,1,0,0,0,0,0,Low
xlsx,1791,0,0,0,0,0,0,0,0,0,0,0,1,0,0,0,0,0,0,Low
pdf,2159,0,0,0,0,0,0,0,0,0,0,0,1,1,1,1,1,0,1,Medium
txt,1073,0,0,1,0,0,0,0,0,0,0,0,0,0,0,0,0,0,0,Low
xlsx,10618,0,1,0,0,0,0,0,0,0,0,0,0,1,0,0,0,0,0,High
txt,1180,0,0,0,0,0,0,0,0,0,0,0,0,1,0,0,0,0,0,Low
txt,3662,0,0,0,0,0,1,1,1,0,0,1,0,0,0,0,0,0,0,High
jpg,6782,0,0,0,0,0,0,0,1,0,0,0,1,0,1,0,0,0,0,Medium
json,4798,1,0,0,1,0,0,0,1,1,0,1,1,0,1,0,0,0,0,High
txt,8609,0,0,0,0,1,1,1,0,1,0,1,1,0,0,1,1,0,1,High
txt,1374,0,0,0,0,0,0,0,0,0,0,0,0,0,0,0,0,0,0,Low
other,9528,0,0,0,0,0,0,0,1,0,1,0,0,0,1,0,0,0,0,High
log,10762,0,0,1,0,1,0,0,0,0,0,0,0,0,1,0,0,0,0,High
png,1163,0,0,0,0,0,0,0,0,0,0,0,1,0,0,0,0,0,0,Low
jpg,412,0,0,1,0,0,0,0,0,0,0,0,0,0,0,0,0,0,0,Low
docx,5267,0,0,1,0,0,0,0,0,0,0,0,0,1,0,0,0,0,0,Medium
txt,4832,0,0,1,1,0,0,1,1,0,1,0,0,1,0,0,0,0,0,High
png,1536,0,0,0,0,0,0,0,0,0,0,0,0,0,0,0,0,0,0,Low
jpg,3463,0,1,0,0,0,0,1,1,1,1,0,0,0,1,0,1,0,0,High
pdf,253,0,0,0,0,0,0,0,0,0,0,0,0,0,0,0,0,0,0,Low
jpg,28,0,0,0,0,0,0,0,0,0,0,0,0,0,0,0,0,0,0,Low
pdf,530,0,0,0,0,0,0,0,1,0,0,0,0,0,0,0,0,0,0,Low
log,11442,0,1,0,0,0,0,0,0,0,0,0,0,0,0,1,1,0,0,High
txt,808,1,1,1,1,1,0,1,1,1,0,0,0,0,0,0,1,0,1,High
docx,1485,1,0,0,0,0,0,0,0,0,0,0,0,0,0,0,0,0,0,Low
docx,4788,0,0,0,1,0,0,0,1,0,0,0,1,0,0,0,0,0,0,Medium
docx,1685,1,0,1,0,0,0,0,1,0,0,0,1,1,1,0,0,0,0,High
jpg,1512,0,0,0,0,0,0,0,0,0,0,0,0,0,0,0,0,0,0,Low
xlsx,488,0,0,0,0,0,0,0,0,0,0,0,0,0,0,0,0,0,0,Low
log,6562,0,0,1,0,1,0,1,0,1,1,0,0,0,0,0,0,0,0,High
txt,1187,0,0,0,0,0,0,0,0,0,0,0,0,0,0,0,0,0,0,Low
json,4825,0,0,0,0,1,0,0,0,0,0,0,0,0,1,0,0,0,0,High
xlsx,383,0,0,0,0,0,0,0,0,0,0,0,0,0,0,0,0,0,0,Low
png,726,0,0,1,0,0,0,0,0,0,0,0,0,0,0,1,0,0,0,Low
png,254,0,0,0,0,0,0,0,1,0,0,0,1,0,0,0,0,0,0,Low
jpg,2396,1,1,1,0,0,0,0,0,0,0,0,0,0,0,0,0,0,1,High
docx,1781,0,0,0,0,0,0,0,0,0,0,0,0,1,0,1,0,0,0,Low
txt,4450,0,1,0,1,0,0,0,0,0,1,0,1,0,0,0,0,1,0,High
jpg,5917,0,0,1,0,0,0,0,1,0,0,0,1,0,0,0,0,0,0,Medium
txt,421,0,0,0,0,0,0,0,0,0,0,0,0,1,1,0,0,0,0,Low
xlsx,1661,0,0,0,0,0,0,0,0,0,0,0,0,0,0,0,0,0,0,Low
jpg,60,0,0,0,0,0,0,0,0,0,0,0,0,0,0,0,0,0,0,Low
xlsx,567,0,0,0,0,0,0,0,1,1,0,0,0,1,0,0,0,0,1,High
txt,436,0,0,0,0,0,0,0,0,0,0,0,0,0,0,1,0,0,0,Low
pdf,3276,0,0,1,1,0,0,0,0,0,0,0,1,0,1,1,0,1,0,Medium
xlsx,2630,0,0,1,0,0,1,0,0,0,0,0,1,1,0,0,0,0,0,Medium
xlsx,1318,0,0,0,0,0,0,0,0,0,0,0,0,0,0,0,0,0,0,Low
jpg,773,0,0,0,0,0,0,0,0,0,0,0,0,0,0,0,0,0,0,Low
pdf,1903,1,1,1,0,1,0,0,1,0,0,0,1,0,1,0,0,0,0,High
json,11205,0,1,0,0,0,0,1,1,0,1,1,1,0,0,1,0,0,0,High
jpg,575,0,0,0,0,0,0,0,0,0,0,0,0,0,1,0,0,0,0,Low
png,1751,0,0,1,0,0,0,0,0,0,0,0,0,0,0,1,0,0,0,Low
txt,783,0,0,0,0,0,0,0,0,0,0,0,0,1,0,0,0,0,0,Low
docx,2833,0,0,0,0,1,0,0,1,1,0,0,1,0,0,0,0,0,1,High
jpg,1567,0,0,1,0,0,0,0,0,0,0,0,0,0,0,1,0,0,0,Low
png,6020,1,0,0,0,0,0,0,0,0,0,0,1,1,1,0,0,0,0,Medium
docx,4532,0,0,0,0,0,0,0,0,0,0,0,0,1,1,1,0,0,0,Medium
pdf,7433,0,1,0,0,0,0,0,0,0,1,0,1,0,0,1,0,0,0,High
txt,1541,1,0,0,0,0,0,0,0,0,0,0,0,0,0,0,0,0,0,Low
png,11237,1,0,0,0,1,0,1,0,0,0,0,0,1,0,1,0,1,1,High
docx,209,0,0,0,0,0,0,0,0,0,0,0,0,0,0,0,0,0,0,Low
pdf,291,0,0,0,0,0,0,0,0,0,0,0,0,0,0,0,0,0,0,Low
txt,266,0,0,0,0,0,0,0,0,0,0,0,0,0,0,0,0,0,0,Low
png,4912,0,0,0,1,0,0,0,0,0,0,0,0,1,0,1,1,0,1,Medium
jpg,5957,0,1,1,0,1,0,0,1,0,0,0,1,0,0,0,0,0,1,High
other,5207,0,0,0,1,0,0,0,0,0,0,0,0,0,0,0,0,0,0,Medium
png,5625,0,0,0,0,0,0,0,0,0,1,1,0,0,0,1,0,0,0,Medium
xlsx,1464,0,0,0,0,0,0,0,0,0,0,0,0,0,0,0,0,0,0,Low
other,7919,1,0,0,0,1,0,0,0,0,0,0,0,0,0,0,0,0,1,High
pdf,4352,0,0,0,1,0,0,0,0,0,0,0,1,0,1,0,0,0,0,Medium
json,10340,1,0,0,1,0,0,0,0,0,1,1,0,0,0,0,0,0,0,High
other,364,0,0,0,0,0,0,0,0,0,0,0,0,0,0,0,0,0,0,Low
other,5021,0,0,1,0,0,0,0,0,0,1,0,1,1,0,0,1,0,0,Medium
other,1192,0,0,1,0,0,0,0,0,0,0,0,0,0,0,0,0,0,0,Low
pdf,5056,0,0,1,0,0,0,0,0,0,0,0,1,0,1,1,0,0,0,Medium
csv,3103,1,1,0,1,0,0,1,0,0,0,1,1,0,0,0,0,0,1,High
png,5524,0,1,0,0,0,0,0,0,1,1,0,0,1,0,0,0,0,1,High
png,415,0,0,0,0,0,0,0,0,0,0,0,0,1,0,0,0,0,0,Low
pdf,5594,0,0,0,0,0,0,0,0,0,0,0,0,0,0,1,0,0,0,Medium
pdf,1367,0,0,1,0,0,0,0,1,0,0,0,1,1,0,1,1,0,0,Medium
xlsx,1673,0,1,1,0,0,0,0,0,0,0,1,0,0,1,0,0,0,0,Medium
xlsx,3143,0,0,0,0,0,0,0,0,0,0,0,0,0,0,1,0,0,0,Medium
txt,864,0,0,1,0,0,0,0,0,0,0,0,0,0,0,0,0,0,0,Low
txt,5073,0,0,0,1,1,1,0,1,1,1,1,0,0,1,0,0,0,0,High
docx,3347,0,0,0,1,0,0,0,0,0,0,0,0,0,1,1,0,0,0,Medium
docx,2986,0,0,0,0,0,0,0,0,0,0,0,0,1,0,0,0,0,0,Medium
jpg,6137,0,0,0,0,0,0,0,0,0,0,1,0,0,1,1,1,0,0,Medium
json,4628,1,0,1,0,0,0,0,0,0,0,1,0,1,0,0,0,0,0,High
jpg,982,0,0,0,0,0,0,0,0,0,0,0,0,0,0,0,0,0,0,Low
jpg,48,0,0,0,0,0,0,0,0,0,0,0,0,0,0,0,0,0,0,Low
csv,10486,0,0,0,0,1,0,0,0,0,1,0,0,0,0,0,0,0,0,High
txt,312,0,0,0,0,0,0,0,0,0,0,0,0,0,0,0,0,0,0,Low
xlsx,7110,1,1,0,0,0,0,0,1,1,1,0,0,0,0,0,1,0,0,High
png,252,1,0,1,1,0,1,1,1,0,1,0,1,0,0,0,0,1,0,High
pdf,5507,0,0,0,1,0,0,0,0,0,0,0,0,1,1,0,0,0,0,Medium
docx,1717,0,0,0,1,0,0,0,0,0,0,0,0,0,0,1,0,0,0,Medium
jpg,7465,0,0,1,0,1,0,0,1,0,0,0,0,0,0,0,0,0,0,High
docx,6629,1,0,0,1,1,0,1,0,0,1,0,1,0,0,0,0,1,0,High
docx,377,0,0,0,0,0,0,0,0,0,0,0,0,1,0,0,0,0,0,Low
csv,9059,0,1,0,1,0,0,0,0,0,0,1,1,1,0,0,0,0,0,High
jpg,3900,0,0,1,0,1,0,0,0,0,0,0,1,1,1,1,1,0,0,Medium
jpg,1018,0,0,0,0,0,0,0,0,0,0,0,0,0,0,0,0,0,0,Low
xlsx,788,0,0,1,0,0,0,0,0,0,0,0,1,1,1,0,0,0,0,Medium
png,1701,0,0,0,0,0,0,0,0,0,0,0,0,0,0,0,0,0,0,Low
pdf,1387,0,0,0,0,0,0,0,0,0,0,0,0,0,0,0,0,0,0,Low
xlsx,4428,0,0,1,1,0,0,1,0,0,0,0,0,0,0,1,1,0,0,Medium
png,4925,0,0,0,1,1,0,0,0,0,0,0,1,1,0,0,0,0,0,Medium
jpg,8818,0,0,0,0,0,1,0,1,0,0,0,1,1,0,0,1,0,0,High
xlsx,1293,0,0,1,0,0,0,0,0,0,0,0,0,0,0,0,0,0,0,Low
pdf,805,0,0,0,0,0,0,0,0,0,0,0,0,0,0,0,0,0,0,Low
pdf,6001,0,0,0,0,0,0,0,0,0,0,0,1,0,0,1,0,0,0,Medium
png,107,0,0,1,1,0,0,0,0,0,0,0,1,1,1,1,1,0,0,Medium
docx,5041,0,0,1,1,0,0,0,0,0,0,0,0,1,0,1,0,0,0,Medium
jpg,4372,0,0,0,0,0,0,0,0,1,0,0,1,0,1,1,0,0,0,Medium
xlsx,4134,0,0,1,0,0,1,0,0,0,1,0,0,0,1,1,1,1,0,Medium
pdf,462,1,1,1,0,0,1,0,0,0,1,1,0,0,0,0,0,0,0,High
txt,1310,0,0,0,1,0,0,0,0,0,0,0,1,1,0,0,0,0,0,Medium
pdf,1334,0,0,0,0,0,0,1,0,0,0,0,0,1,1,1,1,0,0,Medium
docx,3012,0,0,0,0,1,0,0,0,0,0,0,1,1,0,1,1,0,0,Medium
txt,452,1,0,1,0,1,0,0,0,1,1,0,0,0,0,0,1,0,0,High
txt,3836,1,0,1,1,1,0,0,0,0,0,1,0,0,0,1,0,0,0,High
txt,1793,0,0,0,0,0,0,0,0,0,0,0,0,0,0,0,0,0,0,Low
txt,6616,0,0,1,0,0,0,0,0,0,1,0,0,0,0,1,0,0,0,High
txt,183,0,0,0,0,0,0,0,0,0,0,0,0,0,0,0,0,0,0,Low
jpg,4654,0,0,0,0,1,0,0,0,0,0,0,0,0,0,1,0,0,0,Medium
jpg,5185,1,0,1,1,0,0,0,0,1,1,0,0,0,0,0,1,0,0,High
pdf,9755,1,1,1,0,0,0,1,1,0,0,0,0,0,0,0,0,0,1,High
pdf,901,0,0,0,0,0,0,0,1,0,0,0,0,0,1,0,0,0,0,Low
xlsx,8069,0,0,1,0,0,0,1,0,1,0,0,1,0,0,1,0,0,0,High
jpg,9897,1,0,1,0,0,0,0,1,0,0,0,0,0,0,0,0,0,1,High
other,1443,0,0,0,0,0,0,0,0,0,0,0,0,0,0,0,0,0,0,Low
png,1528,0,0,1,0,0,0,0,0,0,0,0,1,0,0,1,1,0,0,Low
xlsx,4767,1,0,0,1,0,1,0,0,0,0,0,0,1,0,0,0,0,1,High
txt,1159,0,0,0,0,0,0,0,0,0,0,0,0,1,1,1,0,0,0,Low
xlsx,1764,0,0,0,0,0,0,0,0,0,0,0,0,0,0,0,0,0,0,Low
png,6980,0,1,0,0,0,0,0,0,1,1,0,0,1,0,0,1,1,0,High
png,3056,1,0,1,0,1,1,0,0,0,0,0,1,0,1,1,0,0,0,Medium
txt,1327,0,0,0,0,0,0,0,0,0,0,0,0,0,0,0,0,0,0,Low
docx,4804,0,0,0,0,0,0,0,0,0,0,0,1,1,0,1,1,0,0,Medium
png,570,0,0,0,0,0,0,0,0,0,0,0,0,0,0,0,0,0,0,Low
other,1493,0,0,0,0,0,0,0,0,0,0,0,0,0,0,0,0,0,0,Low
log,498,0,1,0,0,0,1,0,1,0,1,1,0,0,1,0,1,0,1,High
jpg,1284,0,0,0,0,0,0,0,0,0,0,0,0,0,0,0,0,0,0,Low
pdf,4553,0,0,0,0,0,0,0,0,0,0,0,0,0,0,1,0,0,0,Medium
jpg,86,0,0,0,0,0,0,0,0,0,0,0,0,1,0,0,0,0,0,Low
json,4887,1,1,1,0,0,0,1,0,0,1,1,1,1,0,0,0,1,1,High
docx,365,0,0,0,0,0,0,0,0,0,0,0,0,0,0,0,0,0,0,Low
other,1336,0,0,1,0,0,0,0,1,0,0,0,0,1,0,1,0,0,0,Medium
txt,1092,0,0,0,0,0,0,0,0,0,0,0,0,0,0,0,0,0,0,Low
pdf,1313,0,0,0,0,0,0,0,0,0,0,0,0,0,0,1,0,0,0,Low
txt,8164,0,1,1,0,0,0,1,1,0,0,0,0,0,0,0,1,0,0,High
json,3733,1,1,0,1,0,0,1,1,0,1,0,0,0,0,0,0,1,1,High
other,6496,0,0,0,1,0,0,0,0,0,0,0,0,1,0,1,1,0,0,Medium
csv,3768,0,0,0,0,0,0,0,0,0,0,0,0,1,1,1,1,0,0,Medium
jpg,1606,0,0,0,0,0,0,0,0,0,0,0,0,0,1,0,0,0,0,Low
docx,1709,0,0,0,0,0,0,0,0,0,0,0,0,0,0,0,0,0,0,Low
txt,5622,0,0,1,1,0,0,0,0,0,0,0,1,1,0,0,0,0,0,Medium
csv,2425,0,1,0,1,0,0,0,1,0,0,0,0,0,0,0,1,1,0,High
pdf,4711,0,0,0,1,0,0,0,0,0,0,0,0,1,1,1,0,0,0,Medium
jpg,4876,0,1,0,0,0,0,0,0,0,0,0,0,0,0,0,0,0,0,High
xlsx,1756,0,0,0,0,0,0,0,0,0,0,0,0,0,0,0,0,0,0,Low
other,10799,1,1,0,1,0,0,0,0,0,0,1,1,0,0,0,0,0,0,High
png,1434,0,0,0,0,0,0,0,1,0,0,0,0,0,0,1,0,0,0,Low
png,1625,0,0,0,0,0,0,0,0,0,0,0,0,0,0,0,0,0,0,Low
txt,4873,0,0,1,1,0,0,0,1,0,0,0,0,1,1,0,0,0,0,Medium
docx,6334,0,1,0,1,0,0,0,0,0,0,0,1,1,1,1,0,0,0,Medium
txt,683,0,0,0,0,0,0,0,0,0,0,0,0,0,0,0,0,0,0,Low
pdf,607,1,0,0,0,0,0,0,1,0,0,0,1,1,0,0,1,0,0,Medium
xlsx,3534,0,0,0,0,0,0,0,0,0,0,0,0,0,1,1,0,0,0,Medium
pdf,1142,0,0,0,0,0,0,0,0,0,0,0,0,0,0,0,0,0,0,Low
txt,3465,0,0,1,0,0,0,0,0,1,0,0,0,1,0,1,0,0,0,Medium
txt,464,0,0,0,0,0,0,0,0,0,0,0,0,0,0,0,0,0,0,Medium
csv,3082,1,0,0,1,1,1,0,0,1,1,0,0,0,0,1,0,0,0,High
log,8330,0,0,0,0,0,0,1,1,0,0,1,0,0,0,0,0,0,0,High
jpg,989,0,0,0,0,0,0,0,0,0,1,0,0,0,0,0,0,0,0,Low
jpg,616,0,0,0,0,0,0,0,0,0,0,0,0,1,0,1,0,0,0,Low
docx,11364,0,0,0,0,0,0,0,1,1,1,0,0,0,0,0,0,0,0,High
csv,6726,0,1,0,1,1,0,0,1,0,0,0,0,0,0,0,0,0,0,High
docx,5971,0,0,0,0,0,0,0,0,0,0,0,0,1,0,1,0,0,0,Medium
csv,6050,1,0,0,1,0,0,1,0,0,0,0,1,0,0,0,0,0,1,High
log,5557,0,1,1,0,0,1,0,1,0,1,0,0,0,0,1,0,0,1,High
txt,4717,0,0,0,0,0,0,0,0,0,0,0,1,1,1,1,1,0,0,Medium
csv,2571,1,0,1,0,1,1,0,1,0,1,1,0,0,0,0,0,0,0,High
txt,6629,0,0,0,0,0,0,0,0,0,0,0,0,1,1,0,1,0,1,High
xlsx,4854,0,0,1,0,0,0,0,0,0,0,0,1,0,0,1,0,0,0,Medium
other,228,0,0,0,0,0,0,0,0,0,0,0,0,0,0,0,0,0,0,Low
txt,310,0,0,0,0,0,0,0,0,0,0,0,0,0,1,0,0,0,0,Low
pdf,180,0,0,0,0,0,0,0,0,0,0,0,0,0,0,0,0,0,0,Low
txt,30,0,0,0,0,0,0,0,1,0,0,0,0,0,0,0,0,0,0,Low
jpg,2167,0,0,0,0,0,0,0,0,0,0,0,0,0,0,0,0,0,0,Medium
docx,283,0,0,0,0,0,0,0,0,0,0,0,1,1,1,1,1,0,0,Medium
xlsx,5475,0,0,0,0,0,0,0,1,0,0,0,1,1,0,0,0,0,1,Medium
xlsx,147,0,0,1,1,1,0,0,1,0,0,0,0,0,1,0,0,0,0,High
other,2360,0,1,0,0,0,0,0,0,0,0,1,0,1,0,1,0,0,0,Medium
png,882,0,0,0,0,0,0,0,0,0,0,0,0,0,0,1,0,0,0,Low
docx,3464,0,0,0,0,0,0,0,0,0,0,0,0,1,0,0,0,0,0,Medium
docx,3359,1,0,1,0,0,1,1,0,1,0,1,0,0,0,0,0,0,0,High
docx,10245,1,0,0,0,1,0,0,1,0,0,0,0,0,0,1,0,0,0,High
txt,492,0,0,0,0,0,0,0,0,0,0,0,0,0,0,0,0,0,0,Low
txt,2671,1,1,0,1,0,0,1,0,1,0,0,0,0,0,1,0,0,0,High
docx,4852,0,0,1,0,0,0,0,0,0,1,0,1,0,0,1,0,0,0,Medium
xlsx,6140,1,1,0,0,1,0,0,1,1,0,0,0,1,0,0,0,0,0,High
xlsx,1692,0,0,0,1,0,0,0,0,0,0,0,0,0,0,0,0,0,0,Low
xlsx,9813,1,1,0,0,0,0,0,1,0,1,1,0,0,0,0,1,1,0,High
jpg,5020,0,0,0,0,0,0,0,0,0,0,0,0,1,0,1,1,1,0,Medium
csv,6795,0,0,0,0,0,0,0,0,0,0,0,0,0,1,0,0,0,0,Medium
jpg,1304,0,0,0,0,0,0,0,0,0,0,0,0,1,0,0,0,0,0,Low
xlsx,1838,0,0,0,1,0,0,0,1,1,0,0,1,0,0,0,0,1,0,High
pdf,2745,0,0,1,0,1,0,0,0,0,0,0,0,0,0,1,1,0,0,Medium
txt,701,0,0,0,0,0,1,0,1,0,0,0,0,0,1,1,1,1,0,Medium
png,764,0,0,0,0,0,0,0,0,0,0,0,0,0,0,0,0,0,0,Low
xlsx,4447,0,0,0,0,0,0,0,0,0,0,0,0,1,0,1,0,1,0,Medium
pdf,239,0,0,0,0,0,0,0,0,0,0,0,0,0,0,0,0,0,0,Low
txt,1420,0,0,0,0,0,0,0,0,0,0,0,0,1,0,0,0,0,0,Medium
txt,1197,0,0,0,0,0,0,0,0,0,0,0,0,0,1,0,0,0,0,Low
jpg,590,0,0,0,0,0,0,0,0,0,0,0,1,0,0,0,0,0,0,Low
pdf,869,0,0,0,0,0,0,0,0,0,0,0,0,0,0,0,0,0,0,Low
pdf,1141,0,0,0,0,0,0,0,0,0,0,0,0,0,0,0,0,0,0,Low
txt,1654,0,1,0,1,0,0,0,1,0,1,0,0,1,0,0,0,0,0,High
csv,3065,0,1,0,0,0,0,0,1,0,0,0,0,1,0,1,1,0,0,Medium
jpg,1415,0,0,0,0,0,0,0,0,0,0,0,0,0,1,0,0,0,0,Low
pdf,5549,0,0,0,0,0,0,0,0,0,0,0,1,1,1,1,0,0,0,Medium
docx,8800,0,0,0,0,0,0,1,0,1,0,1,0,0,0,0,0,0,0,High
pdf,2157,0,1,0,0,1,0,0,0,0,1,0,0,0,0,0,0,1,0,High
other,6803,0,1,0,0,0,0,0,1,0,1,0,0,0,0,0,0,1,1,High
jpg,9275,1,0,0,0,0,0,1,0,0,1,1,1,0,0,0,1,0,0,High
jpg,1998,1,1,1,1,0,1,1,1,0,0,1,0,0,0,0,0,0,0,High
pdf,11369,0,1,1,0,0,0,0,0,0,1,0,0,0,0,0,1,0,0,High
jpg,254,0,1,0,0,0,0,0,0,0,0,0,1,0,0,0,0,0,0,Medium
json,2067,0,1,0,0,0,0,0,1,0,0,1,0,1,0,0,0,0,0,High
csv,5432,0,0,0,0,0,0,1,0,0,0,0,0,1,0,1,1,0,0,Medium
png,3367,0,1,0,0,0,0,1,0,0,0,0,1,0,1,1,0,0,1,Medium
docx,290,0,0,1,0,0,1,0,1,0,1,0,1,0,1,0,0,1,0,High
png,3754,0,0,1,1,0,0,1,1,0,0,0,0,1,0,0,0,1,1,High
txt,780,1,1,0,0,0,0,0,0,0,1,1,0,0,0,0,0,0,0,High
csv,5913,0,0,0,0,0,0,0,0,0,0,0,0,0,0,0,1,0,0,Medium
docx,1533,0,0,0,0,0,0,0,0,0,0,0,0,1,0,0,0,0,0,Low
xlsx,979,0,0,0,0,0,0,0,0,0,0,0,0,0,0,0,0,0,0,Low
jpg,1404,0,0,0,0,0,0,0,0,0,0,0,0,0,0,0,0,0,0,Low
pdf,1145,0,0,0,0,0,0,0,0,0,0,0,1,0,0,1,0,0,0,Medium
jpg,289,0,0,0,0,1,0,0,0,0,0,0,0,1,0,0,0,0,0,Low
png,8523,1,1,0,0,0,0,1,0,0,1,1,1,0,0,0,0,0,0,High
pdf,1417,0,0,0,1,0,0,0,0,0,0,0,1,1,0,0,0,0,0,Medium
pdf,358,1,1,0,1,0,1,0,0,0,0,1,1,1,0,0,0,0,1,High
jpg,1771,0,0,0,0,0,0,0,0,0,0,0,0,0,0,0,0,0,0,Low
pdf,2687,0,0,1,0,0,0,1,0,0,0,0,0,0,0,0,0,0,0,Medium
docx,2175,0,0,0,0,0,0,0,0,0,0,0,0,1,1,0,0,0,0,Medium
docx,11298,0,0,0,0,1,0,0,1,1,0,0,0,0,1,1,0,1,0,High
jpg,830,0,0,0,0,0,0,0,0,0,0,0,0,0,0,0,0,0,0,Low
csv,4764,0,0,0,1,0,0,0,0,0,0,0,0,0,0,1,0,0,0,Medium
xlsx,1593,0,0,0,0,0,0,0,0,0,0,0,0,1,0,0,0,0,0,Low
log,11284,1,0,0,0,0,0,0,1,0,0,0,1,0,0,0,0,0,0,High
jpg,305,0,0,0,0,0,0,0,0,0,0,0,0,0,0,0,0,0,0,Low
docx,2482,0,0,0,0,0,0,0,0,0,0,0,0,0,1,0,0,0,0,Medium
png,3324,1,0,1,1,0,0,1,1,0,1,1,0,1,0,0,0,1,0,High
docx,1003,0,0,0,0,0,0,0,0,0,0,0,0,0,0,0,0,0,0,Low
xlsx,5441,0,0,0,1,0,0,0,0,0,0,0,1,0,0,1,0,0,0,Medium
jpg,1211,0,0,0,0,0,0,0,0,0,0,0,0,0,0,0,0,0,0,Low
pdf,295,0,0,0,0,0,0,0,0,0,0,0,0,0,1,1,0,0,0,Low
png,11521,1,1,1,1,1,1,0,1,1,0,0,1,0,0,0,1,0,0,High
xlsx,7538,0,0,1,0,0,0,0,1,1,1,1,1,1,0,0,1,0,0,High
jpg,869,0,0,1,0,1,1,1,1,0,1,0,1,0,0,0,0,1,0,High
pdf,4642,0,0,1,0,1,0,0,0,0,0,0,0,0,1,0,0,0,0,Medium
other,2779,1,0,0,1,0,0,0,1,0,1,1,0,1,0,0,0,0,0,High
pdf,1282,0,0,1,0,0,0,0,0,0,0,0,0,0,1,0,0,0,0,Medium
txt,1224,0,0,0,1,1,0,0,0,0,0,0,1,1,1,0,0,0,0,Medium
png,384,1,1,0,0,1,0,1,1,0,0,0,0,0,1,0,1,0,0,High
png,177,0,0,0,0,0,0,0,0,0,0,0,0,0,0,0,0,0,0,Low
xlsx,5271,1,0,0,0,0,0,0,1,0,1,1,0,1,0,0,0,0,1,High
png,6596,0,1,0,0,0,0,1,1,1,0,0,0,0,1,0,0,0,1,High
pdf,6099,1,1,0,1,0,0,1,1,0,0,0,0,1,0,0,0,0,0,Medium
txt,1676,0,0,0,0,0,0,0,1,1,0,0,1,0,0,0,1,0,0,High
png,4163,0,0,0,1,0,0,0,1,0,0,0,1,0,0,0,0,0,0,Medium
json,7268,0,0,1,0,0,1,1,0,0,1,0,0,0,0,0,0,1,0,High
other,1666,0,0,1,0,1,1,1,0,1,0,0,0,0,0,0,0,0,1,High
pdf,358,0,0,1,0,0,0,0,0,0,0,0,0,1,0,0,0,0,0,Low
docx,465,0,0,0,0,0,1,0,0,0,0,0,0,0,0,0,1,0,0,Medium
docx,1770,0,0,0,0,0,0,0,0,0,0,0,0,0,0,1,0,0,0,Low
json,4822,0,0,1,0,0,0,1,0,0,0,1,0,0,0,0,1,0,0,High
pdf,309,0,0,0,0,0,0,0,0,0,0,0,0,0,1,0,0,0,0,Medium
log,3070,0,1,0,0,0,1,0,0,1,0,0,1,0,0,0,0,1,1,High
other,4237,0,1,0,0,0,0,0,0,0,0,0,0,0,1,0,1,0,0,Medium
png,2716,0,0,1,0,1,0,0,0,0,1,0,0,0,0,0,0,0,1,High
json,7767,1,1,0,0,0,1,0,1,0,0,1,0,0,0,0,0,0,0,High
txt,1016,0,0,0,0,0,0,0,0,0,0,0,0,0,0,0,0,0,0,Low
jpg,2855,0,0,0,0,0,0,0,0,0,0,0,0,0,0,1,0,0,0,Medium
docx,4620,0,0,1,0,0,0,0,1,0,0,0,0,0,0,1,1,0,0,Medium
other,2088,0,0,0,1,0,0,0,0,0,0,0,0,1,0,0,1,0,0,Medium
log,7727,0,0,0,0,0,0,0,0,0,1,1,1,0,0,0,0,0,1,High
pdf,469,0,0,0,0,0,0,0,0,0,1,0,0,1,0,1,1,1,0,Medium
txt,1658,0,0,0,0,0,0,0,0,0,0,0,0,0,0,0,0,0,0,Low
jpg,784,0,0,0,0,0,0,0,0,0,0,0,1,0,0,0,0,0,0,Low
csv,3147,0,0,1,0,0,0,0,0,0,0,0,1,1,1,0,0,0,1,Medium
xlsx,5174,0,0,0,1,0,0,0,0,0,0,0,1,0,0,0,0,0,0,Medium
jpg,2778,0,0,0,0,0,0,1,0,0,1,0,1,0,1,0,1,0,0,High
jpg,1705,0,0,1,0,0,0,0,0,0,0,0,0,1,0,0,0,0,0,Low
pdf,91,0,0,0,0,0,0,0,0,0,0,0,0,0,0,0,0,0,0,Low
pdf,2865,0,0,0,0,0,0,0,0,0,0,0,0,0,0,1,0,0,0,Medium
txt,795,0,0,0,0,0,0,0,0,0,0,0,0,1,0,1,0,1,0,Medium
txt,1236,0,0,0,0,0,0,0,0,0,0,0,0,1,0,0,0,0,0,Low
txt,688,0,0,0,0,0,0,0,0,0,0,0,0,0,0,0,0,0,0,Low
jpg,2616,0,0,1,0,0,0,0,0,0,0,0,0,1,0,1,0,0,0,Medium
other,913,0,0,0,0,0,0,0,0,0,0,0,0,0,0,0,0,0,0,Low
docx,4228,0,0,0,1,0,0,1,0,0,0,0,0,1,1,0,0,1,0,Medium
jpg,275,0,0,0,0,0,0,0,0,0,0,0,0,1,0,0,0,0,0,Low
docx,1076,0,1,0,0,0,0,0,1,0,0,0,0,0,0,0,1,1,1,High
jpg,3812,0,1,0,0,1,0,0,0,1,0,0,0,0,0,0,0,0,0,High
txt,6667,0,1,0,1,0,0,0,0,0,1,0,0,0,0,1,1,1,0,High
png,849,0,0,0,0,0,0,0,0,0,0,0,0,0,0,0,0,0,0,Low
log,8145,1,0,0,0,0,0,0,1,0,0,0,0,1,0,0,1,0,0,High
png,8734,0,0,1,0,0,1,1,1,0,0,0,1,1,0,0,0,0,0,High
txt,1457,0,0,1,0,0,0,0,0,0,0,0,0,0,0,0,0,0,0,Low
log,9009,1,0,1,1,1,0,0,1,1,1,0,0,0,0,1,0,0,0,High
xlsx,7028,0,0,1,0,0,0,0,1,1,0,0,0,0,0,0,0,0,1,High
jpg,1243,0,0,0,0,0,0,0,0,0,0,0,0,0,0,0,0,0,0,Low
jpg,413,0,0,0,0,0,0,0,0,0,0,0,0,0,0,0,0,0,0,Low
jpg,11101,1,0,0,0,0,0,0,1,0,1,1,0,0,0,0,0,1,1,High
docx,6712,0,0,1,0,0,0,0,0,0,0,0,0,1,0,0,0,0,0,Medium
csv,1956,0,0,0,0,1,1,0,1,0,0,1,1,0,0,0,0,0,1,High
log,4911,0,1,0,1,1,0,1,1,0,0,0,0,0,0,1,0,0,0,High
jpg,1505,0,0,0,0,0,0,0,0,0,0,0,0,0,0,0,0,0,0,Low
docx,9693,0,0,0,0,0,0,1,0,0,1,0,1,0,1,0,1,0,0,High
pdf,8440,1,0,0,1,0,0,0,1,0,0,0,0,0,0,1,1,0,1,High
docx,1456,0,0,1,1,0,0,0,0,0,0,0,0,0,0,0,0,0,0,Low
docx,707,0,0,1,1,0,0,0,0,0,0,0,1,1,0,0,0,0,0,Medium
png,2635,0,0,0,0,0,0,0,0,0,1,0,0,1,0,1,0,0,0,Medium
png,1781,0,0,0,0,0,0,0,0,0,0,0,0,0,0,0,0,0,0,Low
png,7674,1,1,0,0,0,0,0,0,0,1,1,0,0,0,0,1,0,0,High
png,6681,0,1,0,0,0,0,1,1,0,0,0,0,0,0,1,0,0,0,High
png,804,0,0,0,0,0,0,0,0,0,0,0,0,0,0,0,0,0,0,Low
docx,6780,0,0,0,1,0,0,0,0,0,0,0,0,0,1,1,0,0,0,Medium
pdf,944,0,0,1,0,0,0,0,0,0,0,0,0,1,1,1,1,0,0,Medium
pdf,3999,0,0,0,0,0,0,0,0,0,0,0,0,0,0,1,1,0,0,Medium
png,1487,0,0,1,0,0,0,0,0,0,0,0,0,1,0,0,0,0,0,Low
log,10106,1,0,0,1,1,0,1,1,0,1,0,0,1,0,1,1,1,1,High
csv,6850,0,0,0,0,0,0,0,0,0,0,0,0,1,1,0,1,0,0,Medium
png,1325,0,0,0,0,0,0,0,0,0,0,0,0,0,0,1,1,0,0,Low
other,1435,0,0,0,0,0,0,0,0,0,0,0,0,0,0,0,0,0,0,Low
png,1256,0,0,0,0,0,0,0,0,0,0,0,0,0,0,0,0,0,0,Low
other,1409,0,0,0,0,0,0,0,0,0,0,0,0,0,0,0,0,0,0,Low
json,9900,0,1,1,0,0,0,0,1,0,0,0,1,0,0,0,0,0,0,High
docx,2903,0,1,0,0,0,0,0,0,0,0,0,0,1,0,1,0,1,0,Medium
xlsx,618,0,0,0,0,0,0,0,0,0,0,0,0,0,0,0,0,0,0,Low
jpg,6684,0,0,0,0,0,0,0,0,0,0,0,1,1,0,1,1,0,0,Medium
docx,4992,0,1,0,0,0,0,0,1,0,0,0,0,1,0,0,1,0,0,Medium
csv,5986,0,0,0,0,0,0,0,1,0,0,0,1,0,1,0,1,0,0,Medium
jpg,1417,0,0,0,0,0,0,0,0,0,0,0,0,0,1,0,0,0,0,Low
jpg,1314,0,0,0,0,0,0,0,0,0,0,0,0,0,0,0,0,0,0,Low
pdf,6523,0,0,0,0,0,0,0,1,0,0,0,1,1,1,1,1,0,0,Medium
pdf,1565,0,0,0,0,0,0,0,0,0,0,0,0,0,0,1,0,0,0,Low
other,8358,0,0,1,1,1,0,1,0,0,0,0,0,0,0,0,1,0,1,High
txt,4295,0,0,0,1,0,0,0,0,0,0,0,0,0,0,1,0,1,0,Medium
txt,1221,0,0,0,0,0,0,0,0,0,0,0,0,0,0,0,0,0,0,Low
docx,1925,0,0,1,0,0,0,0,1,1,0,0,0,1,1,0,1,0,0,Medium
png,1168,0,0,0,0,0,0,0,0,0,0,0,0,0,0,0,0,0,0,Low
other,1837,0,0,0,0,0,0,0,0,0,0,0,0,1,1,1,0,0,0,Medium
csv,4039,0,0,1,0,0,0,0,0,0,1,0,1,1,0,0,0,0,0,Medium
png,1292,0,0,1,1,0,0,0,0,0,0,0,1,1,0,0,0,0,0,Medium
png,64,0,0,0,0,0,0,0,0,0,0,0,0,0,0,0,0,0,0,Low
pdf,110,0,0,0,0,0,0,0,0,0,0,0,0,0,0,1,0,0,0,Medium
other,6597,0,0,1,0,1,0,0,1,0,0,0,0,0,0,0,0,0,0,High
jpg,2157,0,0,1,1,0,0,0,0,0,0,0,0,0,1,1,1,0,0,Medium
csv,1814,0,0,0,0,0,0,0,0,0,0,0,0,1,1,0,0,0,0,Medium
pdf,6461,0,1,1,0,1,0,0,1,0,1,0,0,0,0,1,0,0,0,High
docx,977,0,0,0,0,0,0,0,0,0,0,0,1,0,1,1,0,0,0,Medium
txt,92,0,0,0,0,0,0,0,0,0,0,0,0,0,0,0,0,0,0,Low
pdf,519,0,0,0,0,0,0,0,1,0,0,0,0,1,0,0,0,0,0,Medium
png,1895,0,1,0,0,0,0,0,1,0,0,0,0,0,0,0,0,0,0,High
csv,1185,0,0,0,0,1,0,1,0,0,0,0,0,1,1,0,0,0,0,High
png,1608,0,0,0,0,0,0,0,0,0,0,0,0,0,0,0,0,0,0,Low
txt,127,0,0,0,0,0,0,0,0,0,0,0,0,0,1,0,0,0,0,Low
png,3089,0,0,0,1,0,0,0,0,0,0,0,0,1,1,1,1,0,0,Medium
docx,6206,0,0,0,0,0,0,0,0,0,0,0,1,1,0,1,0,0,0,Medium
png,11876,1,1,0,0,1,0,0,0,0,0,0,1,0,0,1,0,0,0,High
png,1708,0,0,0,0,0,0,0,0,0,0,0,0,1,0,0,0,0,0,Low
txt,1277,0,0,0,1,0,0,0,0,0,0,0,0,1,0,0,0,0,0,Low
txt,793,0,0,0,0,0,0,0,0,0,0,0,0,0,0,0,0,0,0,Low
pdf,9749,0,0,1,0,1,0,1,0,0,1,0,0,0,0,0,0,0,0,High
txt,1002,0,0,0,0,0,0,0,0,0,0,0,0,0,1,1,0,0,0,Low
jpg,1111,0,0,0,0,0,0,0,0,0,0,0,0,0,0,0,0,0,0,Low
png,198,0,0,0,0,0,0,0,1,0,0,0,0,0,0,1,0,0,0,Low
jpg,4202,0,0,0,0,1,0,1,0,0,0,0,1,1,0,1,1,0,0,High
xlsx,7035,1,0,0,0,1,0,0,1,0,0,0,0,1,0,0,0,0,0,High
docx,3710,0,1,0,1,1,0,0,1,1,0,1,0,0,0,0,0,0,1,High
csv,11600,1,0,0,1,0,0,1,0,0,0,0,0,0,0,0,0,1,1,High
json,11045,0,0,1,0,0,0,0,0,0,1,0,0,0,0,0,0,1,0,High
png,4791,0,0,1,1,0,0,1,0,0,0,0,0,0,0,0,0,1,0,High
log,2322,0,0,0,1,1,0,1,0,0,1,1,0,1,1,0,0,0,0,High
pdf,5736,0,0,0,0,0,0,1,0,0,1,0,0,0,0,0,0,0,0,Medium
pdf,8689,1,1,1,0,0,1,1,1,0,1,1,1,0,0,1,0,0,0,High
json,1129,1,1,0,1,1,0,1,1,0,0,0,0,1,0,0,0,1,0,High
xlsx,3284,0,1,0,0,0,0,0,0,1,0,1,0,0,0,1,0,0,0,High
txt,24,0,0,0,0,0,0,0,0,0,0,0,0,0,0,0,0,0,0,Low
docx,5000,0,0,1,1,0,0,0,0,0,0,0,0,1,1,1,0,0,0,Medium
jpg,3692,0,0,0,0,0,0,0,0,0,0,0,0,1,0,1,0,0,0,Medium
jpg,3604,0,0,1,1,0,0,0,0,0,0,0,0,0,1,1,0,0,0,Medium
csv,3815,0,0,0,0,0,0,0,1,0,0,0,1,0,0,1,1,0,0,Medium
pdf,6559,0,1,0,1,0,0,0,1,0,0,0,1,0,1,0,1,0,0,High
txt,1360,0,0,1,0,0,0,0,0,0,0,0,1,0,0,0,0,0,0,Medium
png,6451,0,1,0,1,0,0,1,1,0,1,1,0,0,0,1,1,1,0,High
other,1620,0,0,0,0,0,1,0,1,0,0,0,0,1,0,1,1,1,0,Medium
csv,3804,0,1,0,0,0,0,0,1,0,0,0,1,0,0,0,1,1,0,High
other,406,0,0,0,0,0,0,0,0,0,0,0,0,0,0,0,0,0,0,Low
txt,7385,1,0,0,0,0,0,0,1,0,1,1,1,0,0,1,1,1,0,High
csv,6488,0,0,0,1,0,0,0,1,0,0,0,1,0,0,0,0,1,0,High
other,40,1,0,0,0,0,0,0,0,0,0,0,0,0,0,0,0,0,0,Low
png,4880,0,0,0,1,0,0,1,0,0,0,0,0,0,0,1,1,0,0,Medium
xlsx,629,0,0,0,0,0,0,0,0,0,0,0,0,0,0,0,0,0,0,Low
xlsx,5241,0,0,0,0,0,0,0,0,0,0,0,0,1,0,0,1,0,0,Medium
other,1464,0,0,0,0,0,0,0,0,0,0,0,0,1,0,0,0,0,0,Low
xlsx,7668,1,0,0,1,0,0,1,0,0,0,0,0,0,0,0,0,0,0,High
log,3779,0,1,0,1,0,0,0,0,0,0,0,1,0,0,0,0,0,0,High
jpg,11818,0,0,0,0,1,0,1,1,0,0,0,0,0,1,0,0,0,0,High
txt,4947,0,0,0,0,0,0,0,0,0,0,0,1,0,0,0,0,0,0,Medium
png,5904,0,1,1,1,0,0,0,0,0,0,1,0,0,1,0,0,1,1,High
jpg,1516,0,0,0,0,0,0,0,0,0,0,0,0,0,0,0,0,0,0,Low
other,146,0,0,0,1,0,0,0,0,0,0,0,0,1,1,1,0,0,0,Medium
docx,5378,0,0,1,1,0,0,0,1,0,0,0,0,1,0,1,0,0,0,Medium
txt,405,0,0,0,0,0,0,0,0,0,0,0,0,0,0,0,0,0,0,Low
jpg,300,0,0,0,0,0,0,0,0,0,0,0,0,0,0,0,0,0,0,Low
txt,568,0,0,0,0,0,0,0,0,0,0,0,0,0,0,0,0,0,0,Low
docx,3116,0,0,0,0,0,0,0,0,0,0,0,0,0,0,0,0,0,0,Medium
csv,2866,0,0,0,0,0,0,0,0,0,0,0,0,1,0,1,0,0,0,Medium
other,283,0,0,0,0,0,0,0,0,0,0,0,1,0,0,0,0,0,0,Low
png,6331,1,0,0,0,0,0,1,1,0,0,1,0,0,0,0,0,0,0,High
other,647,0,0,0,0,0,0,0,0,0,0,0,0,0,0,0,0,0,0,Low
jpg,785,0,0,0,0,0,0,0,0,0,0,0,0,0,0,0,0,0,0,Low
other,9396,1,0,0,0,0,0,0,0,0,1,0,1,0,0,0,0,0,1,High
other,1539,0,0,0,0,0,0,0,0,0,0,0,0,0,1,0,0,0,0,Low
xlsx,478,0,0,0,0,0,0,1,1,0,0,0,1,1,0,0,0,0,0,Medium
csv,1554,0,0,0,0,1,0,1,1,0,1,1,0,0,0,0,0,1,0,High
log,8643,1,0,0,0,1,0,1,1,0,0,1,0,0,0,1,0,0,0,High
txt,728,0,0,1,0,0,0,0,0,0,0,0,0,0,0,0,0,0,0,Low
xlsx,5980,1,0,0,1,0,1,1,0,0,0,1,0,1,1,0,0,0,0,High
jpg,3048,0,0,1,0,0,0,0,0,0,0,0,0,1,0,1,0,0,0,Medium
other,1213,0,0,0,0,0,0,0,0,0,0,0,0,0,0,0,0,0,0,Low
pdf,5833,0,0,0,0,0,0,0,0,0,0,0,0,1,0,1,0,0,0,Medium
pdf,1093,0,0,0,0,0,0,0,0,0,0,0,1,1,1,0,0,0,0,Medium
jpg,8520,1,0,1,0,1,0,0,0,1,1,1,1,0,0,0,0,0,0,High
xlsx,6481,0,0,0,0,0,0,0,0,0,0,0,1,0,0,0,0,0,0,Medium
xlsx,740,0,0,0,0,1,0,0,0,0,0,0,0,0,0,1,0,0,0,Medium
other,485,0,0,0,0,0,0,0,0,0,0,0,0,0,0,0,0,0,0,Low
docx,4974,0,0,1,0,0,0,0,1,0,0,0,0,1,1,1,0,0,0,Medium
txt,276,0,0,0,0,0,0,0,0,0,0,0,0,1,0,1,0,1,0,Medium
docx,10938,0,1,0,1,1,0,0,0,0,1,0,0,0,0,0,0,0,1,High
png,10090,1,0,0,0,0,0,1,0,0,0,0,0,0,0,1,0,1,1,High
png,2530,0,0,1,0,0,0,0,0,0,0,0,1,0,1,1,0,0,0,Medium
docx,6414,0,0,0,0,0,0,0,1,0,0,0,0,0,1,0,1,0,0,Medium
png,1007,0,0,0,1,0,0,0,0,0,1,0,0,1,0,1,0,0,0,Medium
jpg,395,0,0,0,0,0,0,0,0,0,0,0,0,1,0,0,0,0,0,Low
png,1771,0,0,1,0,0,0,0,0,0,0,0,0,1,1,1,0,0,0,Medium
pdf,1413,0,0,0,0,0,0,0,0,0,0,0,0,0,0,0,0,0,0,Low
xlsx,569,0,0,0,0,0,0,0,1,0,0,0,1,0,1,1,0,0,0,Medium
png,607,0,0,0,0,0,0,0,0,0,0,0,0,0,0,0,0,0,0,Low
other,2082,0,0,1,0,0,0,1,0,0,0,0,0,0,0,1,0,0,0,Medium
log,2275,1,1,0,0,1,1,0,0,1,0,1,0,0,0,0,1,1,0,High
pdf,3230,1,0,0,0,0,1,0,0,0,1,1,0,0,0,0,0,0,0,High
xlsx,3428,1,0,0,0,1,0,1,1,0,0,0,0,0,0,0,1,0,0,High
docx,4663,0,0,0,0,0,0,0,0,0,0,0,1,0,0,0,0,0,0,Medium
xlsx,5312,0,0,1,1,0,0,0,0,0,0,0,1,1,1,1,0,0,0,Medium
other,2115,1,1,0,1,1,1,0,0,0,1,0,0,0,0,0,0,0,0,High
pdf,7792,1,1,1,0,0,0,0,1,0,0,0,0,0,0,0,0,1,1,High
pdf,1333,0,0,1,0,0,0,0,1,0,0,0,1,0,1,1,1,0,1,Medium
png,1491,0,0,0,1,0,0,0,0,0,0,0,0,0,0,0,0,0,0,Low
other,4707,0,0,0,0,1,0,0,0,0,0,0,1,1,0,1,0,0,0,Medium
docx,2306,0,0,0,1,0,0,0,0,0,0,0,0,0,1,1,0,0,0,Medium
jpg,1776,0,0,0,0,0,0,0,0,0,0,0,0,0,0,0,1,0,0,Low
pdf,515,0,0,0,0,0,0,0,0,0,0,0,0,0,0,0,0,0,0,Low
other,617,0,0,0,0,0,0,0,0,0,0,0,0,0,1,0,0,0,0,Low
xlsx,10801,1,0,0,0,0,1,1,1,0,0,1,0,0,0,1,0,0,1,High
other,11946,1,1,1,0,0,0,0,1,0,0,0,0,0,0,1,0,0,0,High
docx,1644,0,0,0,0,0,0,0,0,0,0,0,0,0,0,0,0,0,0,Low
jpg,538,0,0,0,0,0,0,0,0,0,0,0,0,0,0,0,0,0,0,Low
docx,449,0,1,1,0,0,1,0,1,0,0,0,0,0,0,0,0,0,0,High
docx,4184,0,0,1,0,1,0,1,0,1,1,0,0,0,0,0,0,0,0,High
png,1336,0,0,1,0,1,0,0,0,0,0,0,0,0,0,1,0,0,0,High
txt,6047,0,0,1,0,0,0,0,0,0,0,0,0,1,0,1,1,0,0,Medium
log,9098,0,0,1,0,0,0,0,1,0,0,1,1,0,0,0,0,0,0,High
png,1541,0,0,0,0,0,0,0,0,0,0,0,0,1,0,0,0,0,0,Low
jpg,345,0,0,0,0,0,0,0,0,0,0,0,0,0,0,0,0,0,0,Low
other,2968,0,1,0,0,0,0,0,0,0,0,0,1,0,1,1,0,0,0,Medium
txt,839,0,0,0,0,0,0,0,0,0,0,0,0,0,0,0,0,0,0,Medium
pdf,2688,0,0,0,0,0,0,0,0,0,0,0,0,0,1,1,0,0,0,Medium
json,9901,1,0,0,0,1,0,0,0,0,0,1,0,0,0,0,1,0,0,High
xlsx,567,0,0,0,0,0,0,0,0,0,0,0,0,0,0,0,0,0,0,Low
jpg,11189,0,0,1,1,0,0,0,1,0,0,1,1,0,0,0,0,0,0,High
txt,696,0,0,0,0,0,0,0,0,0,0,0,1,0,0,0,0,0,0,Low
txt,665,0,0,0,0,0,0,0,0,0,0,0,1,1,0,1,0,0,0,Medium
other,5712,0,1,1,0,0,0,0,1,0,0,0,0,0,0,0,0,0,1,High
pdf,693,0,0,1,0,0,0,0,0,0,0,0,0,1,0,0,0,0,1,Medium
jpg,10235,1,0,0,1,0,1,0,0,0,0,1,1,0,0,1,0,0,0,High
other,1340,0,0,0,0,0,0,0,0,0,0,0,0,0,0,1,0,0,0,Low
txt,9346,0,1,1,0,0,0,1,0,0,0,1,1,0,0,1,1,0,0,High
docx,1936,1,0,0,0,0,0,0,0,0,0,0,1,0,0,1,0,0,1,Medium
pdf,132,0,0,0,0,0,0,0,0,0,0,0,0,0,0,0,0,0,0,Low
jpg,2044,0,0,1,1,0,1,0,1,0,0,0,0,1,0,1,0,0,0,Medium
pdf,10646,0,1,0,0,0,0,1,0,0,0,1,0,0,0,0,0,0,1,High
txt,3549,0,0,0,0,0,0,0,0,0,0,0,1,1,0,1,0,0,0,Medium
xlsx,714,0,0,0,0,0,0,0,0,0,0,0,0,0,0,0,0,0,0,Low
jpg,370,0,0,0,0,0,0,0,0,0,0,0,0,0,0,0,0,0,0,Low
csv,6183,1,1,1,0,0,0,1,1,0,0,0,0,1,1,0,0,0,0,High
pdf,6909,0,1,0,0,0,0,0,0,0,0,0,0,0,1,0,1,0,0,Medium
pdf,1698,0,0,0,0,0,0,1,1,1,0,1,1,0,0,0,1,0,0,High
xlsx,5270,0,1,1,1,0,0,0,0,0,0,0,0,1,0,0,0,0,1,Medium
pdf,311,0,0,0,0,0,0,0,0,0,0,0,0,0,0,0,0,0,0,Low
docx,5331,0,0,0,0,0,0,0,0,0,0,0,1,0,0,1,0,0,0,Medium
jpg,1737,0,0,0,0,0,0,0,0,0,0,0,0,0,0,0,0,0,0,Low
docx,851,0,0,0,0,0,0,0,0,0,0,0,0,1,0,0,0,1,0,Low
docx,5015,0,0,0,0,0,0,0,1,0,1,0,0,0,0,0,1,0,1,High
log,4659,0,0,0,0,0,0,0,1,0,1,0,0,0,0,0,1,0,0,High
other,1515,0,0,0,0,0,0,0,0,1,0,0,0,0,0,1,0,0,1,Medium
docx,2321,0,0,0,0,0,0,0,1,0,0,0,0,1,0,1,1,0,0,Medium
other,3202,0,0,1,1,0,0,1,1,0,0,1,0,1,0,0,1,0,0,High
png,383,0,0,0,0,0,0,0,0,0,1,0,0,0,0,0,0,0,0,Medium
docx,912,0,0,0,0,0,0,0,0,0,0,0,0,0,0,0,0,0,0,Low
other,1455,0,0,0,0,0,0,0,0,0,0,0,0,1,0,0,0,0,0,Low
log,8547,1,1,1,0,0,0,0,0,0,0,1,0,1,0,0,0,0,0,High
xlsx,9380,0,1,0,0,0,0,0,1,0,1,0,1,0,0,0,0,0,1,High
jpg,5815,1,1,0,0,0,0,0,0,0,1,0,0,0,0,0,0,1,0,High
png,336,0,0,0,0,0,0,0,0,0,0,0,0,0,0,0,0,0,0,Low
txt,3884,0,0,0,1,0,0,0,0,0,0,0,1,0,1,1,0,0,0,Medium
png,414,0,0,0,0,0,0,1,0,0,0,0,0,1,0,1,0,0,0,Medium
jpg,1003,0,0,0,1,0,0,0,0,0,0,0,0,0,0,0,0,0,0,Low
xlsx,1148,0,0,0,0,0,0,0,0,0,0,0,0,0,1,0,0,0,0,Low
txt,11859,0,1,0,0,0,0,1,0,1,1,0,0,1,0,0,0,0,0,High
txt,1138,0,0,0,0,0,0,0,0,0,0,0,0,0,0,0,0,0,0,Low
txt,87,0,0,0,0,0,0,0,1,0,0,0,0,0,0,0,0,0,0,Low
jpg,669,1,0,0,1,0,0,1,1,0,0,0,0,0,0,0,0,0,0,High
xlsx,9520,0,1,0,0,0,1,0,1,1,0,0,0,1,0,1,0,0,0,High
xlsx,1677,0,0,1,1,0,0,0,1,0,0,0,1,1,1,0,1,0,0,Medium
csv,3675,0,1,1,1,0,0,0,0,0,0,0,0,0,1,1,1,0,0,Medium
pdf,996,0,0,0,0,0,0,0,0,0,0,0,1,0,0,0,0,0,0,Low
pdf,433,0,0,0,0,1,0,1,0,0,0,0,0,0,1,0,0,0,0,High
xlsx,3465,0,0,0,0,0,0,0,0,0,0,0,0,1,1,0,0,0,0,Medium
xlsx,119,0,0,1,0,0,0,0,0,0,0,0,0,0,0,0,0,0,0,Low
txt,1244,0,0,0,0,0,0,0,0,0,0,0,0,0,0,0,0,0,0,Low
xlsx,1333,0,0,0,1,1,1,0,0,0,0,0,0,0,0,1,1,0,0,High
other,9146,0,1,0,1,0,0,0,1,0,1,0,1,0,0,1,0,1,0,High
docx,2025,0,0,1,0,0,0,0,0,0,0,0,0,0,1,1,0,0,0,Medium
pdf,551,0,0,0,0,0,0,1,0,0,0,0,1,1,0,0,0,0,0,Medium
pdf,6628,0,0,0,0,0,0,0,0,0,0,0,1,0,0,1,0,0,0,Medium
png,137,0,1,1,0,1,0,1,0,0,1,0,1,0,1,0,0,0,0,High
png,1724,0,0,0,0,0,0,0,0,0,0,0,1,0,0,0,0,0,0,Low
xlsx,573,0,0,0,0,0,0,0,0,0,0,0,0,0,0,0,0,0,0,Low
txt,783,0,0,0,0,0,0,0,0,0,0,0,0,0,0,0,0,0,0,Low
pdf,5881,0,0,1,0,0,0,0,0,0,0,0,0,0,0,1,1,0,1,Medium
txt,6676,1,0,0,1,0,0,0,0,0,0,0,1,1,0,1,0,0,0,Medium
png,889,0,0,0,0,0,0,0,0,0,0,0,0,0,1,0,0,0,0,Low
xlsx,6621,0,0,0,0,0,0,0,1,0,0,0,1,1,0,1,1,0,0,Medium
png,468,0,0,1,1,0,0,0,0,0,0,0,0,0,0,0,0,0,0,Low
docx,4638,0,0,0,0,0,0,0,0,0,0,0,0,1,0,1,1,0,0,Medium
txt,6043,0,0,0,1,0,0,0,0,0,0,0,1,0,1,1,1,0,0,Medium
jpg,1239,0,0,0,0,0,1,0,1,0,0,0,1,1,0,0,0,0,0,High
png,2697,0,0,0,0,0,0,0,0,0,0,0,1,0,1,0,0,0,0,Medium
docx,887,1,0,1,1,0,1,0,0,1,0,0,1,0,0,0,1,0,0,High
xlsx,2074,1,0,1,0,0,0,1,0,0,1,0,1,0,0,0,0,0,0,High
log,6696,1,0,1,1,0,0,0,0,0,1,0,0,1,0,0,1,0,1,High
png,9922,1,0,1,0,0,0,0,0,1,0,0,0,0,0,0,0,0,1,High
xlsx,10523,0,0,0,0,0,0,0,0,0,0,0,0,0,0,1,1,1,0,High
docx,221,0,0,0,0,0,0,0,0,0,0,0,1,0,0,1,0,0,0,Low
txt,1559,0,0,0,0,0,0,0,0,0,0,0,0,1,0,0,0,0,0,Low
pdf,1274,0,0,0,0,0,0,0,0,0,0,0,0,0,0,0,0,0,0,Low
jpg,7096,0,1,0,1,0,1,1,0,0,1,0,0,0,0,0,1,0,0,High
other,1070,0,0,0,0,0,0,0,0,0,0,0,0,0,0,0,0,0,0,Low
pdf,1676,0,0,0,0,0,0,0,0,0,0,0,1,1,1,1,0,0,0,Medium
other,3151,0,0,0,0,0,0,0,1,0,0,0,0,1,1,0,1,0,0,Medium
txt,255,0,0,0,0,0,0,0,0,0,0,0,0,0,0,0,0,0,0,Low
csv,4186,0,0,1,1,0,0,1,0,0,0,0,0,1,0,1,1,0,0,Medium
other,902,0,1,0,0,0,0,0,0,0,0,0,0,0,0,1,0,1,0,Medium
docx,5717,0,0,0,1,0,0,0,0,0,0,0,0,1,0,0,0,0,0,Medium
docx,1023,0,0,0,1,0,0,0,0,0,0,0,0,0,0,0,0,0,0,Low
other,1562,0,0,0,0,0,0,0,0,0,0,0,0,0,0,0,0,0,0,Low
docx,4138,0,0,0,0,0,0,0,1,0,0,0,0,0,0,0,1,0,1,High
xlsx,4781,1,0,1,0,1,0,0,1,0,1,1,0,0,0,0,0,0,0,High
xlsx,3187,0,0,0,0,0,0,0,0,0,0,0,0,1,0,1,0,0,0,Medium
txt,1057,0,0,0,1,0,0,1,0,0,0,0,1,1,0,1,1,0,1,Medium
pdf,273,0,0,0,1,0,0,0,0,0,0,0,1,0,0,1,0,0,0,Low
log,4111,1,0,0,1,1,1,1,0,0,0,0,1,0,0,0,1,0,0,High
txt,1897,1,1,1,0,1,0,0,0,1,1,0,0,0,0,0,1,0,1,High
png,6192,0,0,1,1,1,0,0,0,0,0,0,0,0,1,0,0,0,0,Medium
png,478,0,0,1,1,0,0,0,1,0,0,0,1,1,0,0,0,0,0,Medium
log,2454,0,0,0,0,1,1,0,0,0,0,0,0,0,0,0,0,0,1,High
png,249,0,0,0,1,0,0,0,0,0,0,0,0,0,0,0,0,0,0,Low
pdf,1617,0,0,0,0,0,0,0,0,0,0,0,0,0,0,0,0,0,0,Low
jpg,1035,0,0,0,0,0,0,0,0,0,0,0,1,0,0,0,0,0,0,Low
docx,3141,0,0,0,0,0,0,0,0,0,0,0,0,0,0,0,0,0,0,Medium
log,5103,0,1,1,1,0,1,1,1,0,1,0,1,0,0,0,0,0,0,High
csv,1280,0,0,0,0,1,0,0,1,1,0,1,0,0,0,1,1,0,0,High
jpg,591,0,0,0,0,1,0,0,0,0,0,0,0,0,0,0,0,0,0,Low
xlsx,9519,0,0,0,1,1,0,0,0,0,0,0,0,0,0,0,0,0,1,High
txt,615,0,0,0,1,0,0,0,0,0,0,0,0,0,0,0,0,0,0,Low
png,1159,0,0,0,0,0,0,0,0,0,0,0,0,0,0,1,0,0,0,Low
txt,812,0,0,0,0,1,0,0,1,0,0,0,0,0,1,1,0,0,0,Medium
png,3083,0,0,0,0,0,0,0,0,0,0,0,0,1,0,1,0,0,0,Medium
docx,5444,0,0,1,0,0,0,0,1,1,0,0,1,1,1,0,0,0,0,Medium
jpg,978,0,0,0,0,0,0,0,0,0,0,0,0,0,0,0,0,0,0,Low
docx,8339,0,0,0,0,0,0,1,0,0,1,0,0,0,0,0,0,0,1,High
other,1103,0,0,0,0,0,0,0,0,0,0,0,0,0,0,0,0,0,0,Low
xlsx,4282,0,0,0,1,0,0,0,0,0,0,0,1,0,0,1,0,0,0,Medium
docx,282,0,0,0,0,0,0,0,0,0,0,0,1,1,0,1,1,0,0,Medium
jpg,6907,0,0,1,0,0,0,0,0,1,0,0,0,1,0,1,0,0,0,Medium
json,7010,0,0,0,1,0,1,1,0,0,0,1,0,0,0,0,0,1,0,High
png,400,0,1,1,1,0,0,0,0,0,0,0,0,1,1,1,0,0,0,Medium
docx,5986,1,0,0,0,1,0,0,0,0,0,0,1,1,0,0,1,0,0,Medium
png,9979,0,0,0,0,1,1,1,0,1,1,0,0,1,0,0,0,0,0,High
json,11109,1,1,0,1,0,0,1,0,0,1,1,0,0,0,0,0,0,0,High
docx,3747,0,1,0,0,0,0,0,0,1,1,1,0,0,0,1,1,1,0,High
png,1363,0,0,0,0,0,0,0,0,0,0,0,0,0,0,0,0,0,0,Low
png,2035,0,0,1,1,0,1,0,1,0,0,0,0,0,0,1,1,0,0,Medium
png,6439,0,0,0,0,0,0,0,1,0,0,0,1,0,0,1,0,0,0,Medium
docx,1531,0,0,0,0,0,0,0,0,0,0,0,0,0,0,0,0,0,0,Low
png,178,1,0,0,0,0,0,0,0,0,0,0,0,0,0,0,0,0,0,Low
docx,982,0,0,0,0,0,0,0,0,0,0,0,0,0,0,0,0,0,0,Low
png,850,1,0,0,0,0,0,0,0,0,0,0,0,0,0,0,0,0,0,Low
png,7637,0,1,0,0,0,0,1,0,1,1,0,1,1,0,0,1,0,0,High
txt,499,0,0,0,0,0,0,0,0,0,0,0,0,1,0,0,1,0,0,Medium
docx,1548,0,0,0,0,0,0,0,0,0,0,0,0,0,0,0,0,0,0,Low
csv,1102,1,0,1,0,0,0,0,1,1,0,0,0,0,0,0,0,0,0,High
docx,4952,1,0,1,0,0,0,1,0,0,1,0,0,0,0,1,0,1,0,High
jpg,516,0,0,0,0,0,0,0,0,0,0,0,0,1,0,0,0,0,0,Low
pdf,6048,1,0,0,1,0,0,0,0,1,1,0,0,0,0,0,0,0,0,High
csv,926,1,0,0,1,0,0,0,0,0,0,0,1,0,0,1,0,0,1,High
docx,2207,0,1,1,0,0,0,0,0,0,0,0,0,0,0,1,0,1,1,High
json,6074,0,0,1,0,0,0,1,0,0,1,1,0,0,0,0,0,0,0,High
jpg,288,0,0,0,0,0,0,0,0,0,0,0,0,0,0,0,0,0,0,Low
pdf,11009,1,0,0,0,0,0,0,1,0,0,1,0,0,1,0,1,0,0,High
jpg,6450,1,1,0,0,1,1,0,0,0,1,0,0,0,0,0,1,0,0,High
txt,264,0,0,0,0,0,0,0,0,0,0,0,0,0,1,0,0,0,0,Low
json,10188,0,0,1,1,0,0,0,0,0,1,0,0,1,1,0,0,0,0,High
other,6265,0,0,0,0,0,0,0,0,0,1,0,1,1,0,1,0,0,0,Medium
docx,193,0,0,0,0,0,0,0,1,0,0,0,1,1,1,0,0,0,0,Medium
docx,3028,1,0,1,0,0,0,0,0,0,0,0,0,1,1,0,1,0,0,Medium
txt,1690,0,0,0,1,0,0,0,0,0,0,0,1,0,0,0,1,1,0,High
txt,72,0,0,0,1,0,0,0,0,0,0,0,0,0,0,1,0,0,0,Low
docx,259,0,0,0,0,0,0,0,0,0,0,0,0,0,0,0,0,0,0,Low
jpg,1264,0,0,0,0,0,0,0,0,0,0,0,0,1,1,0,0,0,0,Low
png,505,0,0,1,1,0,0,0,0,0,0,0,1,0,0,1,0,0,0,Medium
csv,4827,1,0,1,0,1,0,0,1,0,0,0,0,0,0,0,0,1,0,High
docx,1153,0,0,0,0,0,0,0,0,0,0,0,1,0,0,0,0,0,0,Low
json,10065,1,1,0,0,0,0,0,0,1,0,0,1,0,0,0,0,0,0,High
txt,6706,0,0,1,1,0,0,0,0,0,1,0,0,0,0,0,1,0,0,High
txt,1501,0,0,0,0,0,0,0,0,0,0,0,0,0,0,0,0,0,0,Low
json,1743,0,1,1,1,0,0,1,0,0,0,0,0,0,0,1,0,0,0,High
other,1991,1,1,1,0,0,0,0,0,0,0,0,0,0,1,1,0,0,0,Medium
other,3017,0,0,0,0,0,0,0,0,0,0,0,0,1,0,0,0,1,0,Medium
pdf,11192,0,1,0,1,1,0,0,1,0,0,0,0,0,0,0,0,1,0,High
pdf,4500,0,0,0,0,0,0,1,0,0,0,0,1,0,1,0,0,0,0,Medium
png,381,0,0,0,0,0,0,0,0,0,0,0,0,0,0,0,0,0,0,Low
pdf,6375,0,0,0,1,0,0,0,0,0,0,0,1,0,1,1,0,0,0,Medium
pdf,5811,0,0,0,0,0,0,0,0,0,0,0,0,0,0,0,1,0,0,Medium
pdf,917,0,0,0,0,0,0,0,0,0,0,0,0,0,0,0,0,0,0,Low
png,1305,0,0,0,0,0,0,0,0,0,0,0,0,0,0,0,0,0,0,Low
pdf,1291,0,0,0,0,0,0,0,0,0,0,0,0,0,0,0,0,0,0,Low
pdf,635,0,0,0,0,0,0,0,0,0,0,0,0,0,0,0,0,0,0,Low
docx,7621,1,1,1,0,0,0,1,1,0,1,0,0,0,0,1,1,0,0,High
other,4034,0,1,1,0,0,1,1,1,1,0,0,0,0,0,1,1,0,0,High
docx,2932,1,1,0,0,0,0,0,0,0,1,1,0,1,0,0,0,0,1,High
xlsx,6265,0,0,0,1,0,0,0,0,0,0,0,1,0,0,0,1,0,0,Medium
xlsx,2259,0,0,1,0,0,0,0,0,0,0,0,1,1,0,1,1,0,0,Medium
log,2987,0,0,0,0,0,0,1,1,0,1,0,0,0,1,0,0,0,0,High
jpg,5570,0,0,0,0,0,0,0,0,0,0,0,1,0,1,0,1,0,0,Medium
txt,6903,0,0,1,0,0,0,0,0,0,0,0,1,0,0,1,1,1,0,Medium
csv,2751,1,0,0,0,0,0,1,0,0,0,0,0,1,1,1,1,0,0,Medium
docx,8107,1,1,1,0,1,0,1,0,0,0,1,0,0,1,0,0,0,0,High
log,2370,1,0,1,1,0,0,0,1,0,0,0,0,1,0,0,0,0,1,High
json,11961,0,1,1,0,0,0,0,1,0,1,0,0,1,0,0,0,1,0,High
xlsx,3708,0,0,0,0,0,0,0,0,0,0,0,1,0,0,0,1,0,1,Medium
txt,1681,0,0,0,0,0,0,0,0,0,0,0,0,0,0,0,0,0,0,Low
pdf,1401,0,0,0,1,0,0,0,0,0,0,0,0,0,0,0,0,0,0,Low
jpg,9876,1,0,1,0,1,0,0,0,1,0,0,0,0,0,0,0,0,0,High
txt,435,0,0,0,1,0,0,1,0,0,0,0,1,1,0,1,0,1,0,Medium
pdf,6207,0,1,0,0,1,0,1,1,0,0,0,0,1,0,0,0,0,1,High
csv,8190,1,1,0,1,0,1,0,0,0,1,1,0,0,0,1,0,0,1,High
xlsx,2000,0,0,0,1,0,0,0,0,0,0,0,0,0,0,1,1,0,0,Medium
txt,6350,0,0,1,0,0,0,0,0,0,0,0,0,1,1,1,0,0,0,Medium
txt,4823,1,1,0,1,0,0,1,0,0,1,0,0,0,0,0,0,1,0,High
docx,1535,0,0,0,0,0,0,0,0,0,0,0,0,1,1,0,0,0,0,Low
jpg,4109,1,1,0,1,0,0,0,0,0,1,0,1,0,0,0,1,0,0,High
png,1289,0,0,0,0,0,0,0,0,0,0,0,0,1,0,0,0,0,0,Low
docx,757,0,0,0,0,0,0,0,0,0,0,0,0,0,0,0,0,0,0,Low
png,5594,0,1,1,0,1,1,1,0,1,0,0,0,0,0,1,0,1,0,High
txt,5150,0,0,0,0,0,0,0,0,0,0,0,1,0,1,1,0,0,0,Medium
other,640,0,0,1,0,0,0,0,0,0,0,0,1,0,0,0,0,1,0,Medium
other,8972,0,0,1,1,1,0,0,1,0,0,0,0,0,0,0,0,0,0,High
other,1927,0,0,0,1,0,1,0,0,0,1,0,0,0,0,0,0,1,0,High
csv,9106,0,0,1,1,1,1,0,0,0,0,0,0,0,0,0,0,1,1,High
txt,8768,0,0,0,1,1,1,1,0,1,0,0,0,0,0,0,0,1,0,High
docx,891,0,1,0,0,0,0,0,0,0,0,0,0,0,0,0,1,0,1,Medium
other,6781,0,1,0,0,0,1,0,0,0,1,0,0,0,0,0,0,0,0,High
png,1668,0,0,0,0,0,0,0,0,0,0,0,0,0,1,0,0,0,0,Low
pdf,806,0,0,0,0,0,0,0,0,0,0,0,0,1,0,0,0,0,0,Low
txt,1274,0,0,0,0,0,1,1,1,1,0,0,1,1,0,0,0,0,1,High
txt,189,0,0,0,1,0,0,0,0,0,0,1,0,0,0,0,0,0,0,Low
